2026-04-01 08:24:34,825 [raptor.main] INFO: ============================================================
2026-04-01 08:24:34,826 [raptor.main] INFO: RAPTOR v5.2.0 DAILY SCAN — 2026-04-01T08:24:34.826294
2026-04-01 08:24:34,826 [raptor.main] INFO: ============================================================
2026-04-01 08:24:34,828 [raptor.data_feeds] INFO: DataManager initialized with all feeds
2026-04-01 08:24:35,930 [raptor.main] INFO: Account: equity=$105012.25  cash=$-65682.91  positions=6
2026-04-01 08:24:35,942 [raptor.universe] INFO: Universe from cache: 136 symbols
2026-04-01 08:24:35,943 [raptor.main] INFO: Dynamic universe: 136 symbols
2026-04-01 08:24:38,746 [raptor.data_feeds] INFO: Fetched bars for 136 / 136 symbols
2026-04-01 08:24:40,318 [raptor.data_feeds] INFO: FRED fetch OK: BAMLC0A4CBBB (784 observations)
2026-04-01 08:24:40,414 [raptor.data_feeds] INFO: FRED regime: BEARISH (score=-0.200)
2026-04-01 08:24:43,327 [raptor.main] INFO: Data: 136 symbols | Macro: BEARISH (-0.200) | Sentiment: 136 symbols
2026-04-01 08:24:48,403 [raptor.signals] INFO: Signals: 2 from 136 syms (regime=BEARISH)
2026-04-01 08:24:48,404 [raptor.signals] INFO: Composite: mean=0.0023 std=0.2032 max=0.6213
2026-04-01 08:24:48,405 [raptor.main] INFO: Signals:
2026-04-01 08:24:48,405 [raptor.main] INFO:   1. CVX  t=2.262  pctl=100%  entry=$206.92  stop=$195.05  tp=$230.66  kelly=0.040  hold~2d
2026-04-01 08:24:48,406 [raptor.main] INFO:   2. HOOD  t=1.983  pctl=99%  entry=$69.29  stop=$60.06  tp=$87.76  kelly=0.040  hold~27d
2026-04-01 08:24:48,488 [raptor.data_feeds] INFO: Order submitted: BUY 20 CVX @ 207.13
2026-04-01 08:24:48,489 [raptor.main] INFO: ORDER: BUY 20 CVX @ $207.13
2026-04-01 08:24:48,519 [raptor.data_feeds] ERROR: Order submission failed: {"buying_power":"2146.06","code":40310000,"cost_basis":"4161.6","message":"insufficient buying power"}
2026-04-01 08:24:48,520 [raptor.main] ERROR: FAILED: HOOD — {"buying_power":"2146.06","code":40310000,"cost_basis":"4161.6","message":"insufficient buying power"}
2026-04-01 08:24:48,521 [raptor.main] INFO: Scan complete. 1 orders placed.
2026-04-01 10:59:48,084 [raptor.main] INFO: ============================================================
2026-04-01 10:59:48,085 [raptor.main] INFO: RAPTOR v5.2.0 DAILY SCAN — 2026-04-01T10:59:48.085422
2026-04-01 10:59:48,085 [raptor.main] INFO: ============================================================
2026-04-01 10:59:48,087 [raptor.data_feeds] INFO: DataManager initialized with all feeds
2026-04-01 10:59:49,411 [raptor.main] INFO: Account: equity=$103901.12  cash=$96406.52  positions=2
2026-04-01 10:59:49,430 [raptor.universe] INFO: Universe from cache: 136 symbols
2026-04-01 10:59:49,431 [raptor.main] INFO: Dynamic universe: 136 symbols
2026-04-01 10:59:53,309 [raptor.data_feeds] INFO: Fetched bars for 136 / 136 symbols
2026-04-01 10:59:53,424 [raptor.data_feeds] INFO: FRED regime: BEARISH (score=-0.200)
2026-04-01 10:59:56,603 [raptor.main] INFO: Data: 136 symbols | Macro: BEARISH (-0.200) | Sentiment: 136 symbols
2026-04-01 11:00:01,330 [raptor.signals] INFO: Signals: 2 from 136 syms (regime=BEARISH)
2026-04-01 11:00:01,331 [raptor.signals] INFO: Composite: mean=-0.0070 std=0.2034 max=0.6185
2026-04-01 11:00:01,332 [raptor.main] INFO: Signals:
2026-04-01 11:00:01,335 [raptor.main] INFO:   1. XOM  t=2.010  pctl=99%  entry=$161.31  stop=$148.92  tp=$186.10  kelly=0.040  hold~2d
2026-04-01 11:00:01,373 [raptor.data_feeds] INFO: Order submitted: BUY 25 XOM @ 161.47
2026-04-01 11:00:01,373 [raptor.main] INFO: ORDER: BUY 25 XOM @ $161.47
2026-04-01 11:00:01,373 [raptor.main] INFO: Scan complete. 1 orders placed.
2026-04-01 11:06:53,620 [raptor.main] INFO: ============================================================
2026-04-01 11:06:53,621 [raptor.main] INFO: RAPTOR v5.2.0 DAILY SCAN — 2026-04-01T11:06:53.621201
2026-04-01 11:06:53,621 [raptor.main] INFO: ============================================================
2026-04-01 11:06:53,622 [raptor.data_feeds] INFO: DataManager initialized with all feeds
2026-04-01 11:06:54,301 [raptor.main] INFO: Account: equity=$103903.30  cash=$92370.02  positions=3
2026-04-01 11:06:54,305 [raptor.universe] INFO: Universe from cache: 136 symbols
2026-04-01 11:06:54,305 [raptor.main] INFO: Dynamic universe: 136 symbols
2026-04-01 11:06:59,933 [raptor.data_feeds] INFO: Fetched bars for 136 / 136 symbols
2026-04-01 11:06:59,963 [raptor.data_feeds] INFO: FRED regime: BEARISH (score=-0.200)
2026-04-01 11:07:01,529 [raptor.main] INFO: Data: 136 symbols | Macro: BEARISH (-0.200) | Sentiment: 136 symbols
2026-04-01 11:07:04,112 [raptor.signals] INFO: Signals: 2 from 136 syms (regime=BEARISH)
2026-04-01 11:07:04,113 [raptor.signals] INFO: Composite: mean=-0.0050 std=0.2013 max=0.6050
2026-04-01 11:07:04,114 [raptor.main] INFO: No signals today. Patience.
2026-04-01 11:53:23,421 [raptor.main] INFO: ============================================================
2026-04-01 11:53:23,422 [raptor.main] INFO: RAPTOR v5.2.0 DAILY SCAN — 2026-04-01T11:53:23.422768
2026-04-01 11:53:23,423 [raptor.main] INFO: ============================================================
2026-04-01 11:53:23,424 [raptor.data_feeds] INFO: DataManager initialized with all feeds
2026-04-01 11:53:24,546 [raptor.main] INFO: Account: equity=$103889.24  cash=$92370.02  positions=3
2026-04-01 11:53:24,553 [raptor.universe] INFO: Universe from cache: 136 symbols
2026-04-01 11:53:24,555 [raptor.main] INFO: Dynamic universe: 136 symbols
2026-04-01 11:53:28,308 [raptor.data_feeds] INFO: Fetched bars for 136 / 136 symbols
2026-04-01 11:53:28,360 [raptor.data_feeds] INFO: FRED regime: BEARISH (score=-0.200)
2026-04-01 11:53:31,528 [raptor.main] INFO: Data: 136 symbols | Macro: BEARISH (-0.200) | Sentiment: 136 symbols
2026-04-01 11:53:35,370 [raptor.signals] INFO: Signals: 3 from 136 syms (regime=BEARISH)
2026-04-01 11:53:35,371 [raptor.signals] INFO: Composite: mean=-0.0031 std=0.2104 max=0.6403
2026-04-01 11:53:35,372 [raptor.main] INFO: Signals:
2026-04-01 11:53:35,373 [raptor.main] INFO:   1. INTC  t=1.740  pctl=99%  entry=$48.33  stop=$41.66  tp=$61.68  kelly=0.040  hold~13d
2026-04-01 11:53:35,461 [raptor.data_feeds] INFO: Order submitted: BUY 85 INTC @ 48.38
2026-04-01 11:53:35,462 [raptor.main] INFO: ORDER: BUY 85 INTC @ $48.38
2026-04-01 11:53:35,462 [raptor.main] INFO: Scan complete. 1 orders placed.
2026-04-01 11:59:29,148 [raptor.main] INFO: ============================================================
2026-04-01 11:59:29,149 [raptor.main] INFO: RAPTOR v5.2.0 DAILY SCAN — 2026-04-01T11:59:29.148982
2026-04-01 11:59:29,149 [raptor.main] INFO: ============================================================
2026-04-01 11:59:29,150 [raptor.data_feeds] INFO: DataManager initialized with all feeds
2026-04-01 11:59:30,540 [raptor.main] INFO: Account: equity=$103884.00  cash=$88259.42  positions=4
2026-04-01 11:59:30,548 [raptor.universe] INFO: Universe from cache: 136 symbols
2026-04-01 11:59:30,549 [raptor.main] INFO: Dynamic universe: 136 symbols
2026-04-01 11:59:36,398 [raptor.data_feeds] INFO: Fetched bars for 136 / 136 symbols
2026-04-01 11:59:36,444 [raptor.data_feeds] INFO: FRED regime: BEARISH (score=-0.200)
2026-04-01 11:59:39,372 [raptor.main] INFO: Data: 136 symbols | Macro: BEARISH (-0.200) | Sentiment: 136 symbols
2026-04-01 11:59:42,703 [raptor.signals] INFO: Signals: 1 from 136 syms (regime=BEARISH)
2026-04-01 11:59:42,705 [raptor.signals] INFO: Composite: mean=-0.0027 std=0.2045 max=0.4997
2026-04-01 11:59:42,706 [raptor.main] INFO: No signals today. Patience.
2026-04-01 12:01:28,829 [raptor.main] INFO: ============================================================
2026-04-01 12:01:28,833 [raptor.main] INFO: RAPTOR v5.2.0 DAILY SCAN — 2026-04-01T12:01:28.833009
2026-04-01 12:01:28,833 [raptor.main] INFO: ============================================================
2026-04-01 12:02:18,210 [raptor.main] INFO: ============================================================
2026-04-01 12:02:18,210 [raptor.main] INFO: RAPTOR v5.2.0 DAILY SCAN — 2026-04-01T12:02:18.210635
2026-04-01 12:02:18,211 [raptor.main] INFO: ============================================================
2026-04-01 12:02:30,972 [raptor.main] INFO: ============================================================
2026-04-01 12:02:30,973 [raptor.main] INFO: RAPTOR v5.2.0 DAILY SCAN — 2026-04-01T12:02:30.973649
2026-04-01 12:02:30,974 [raptor.main] INFO: ============================================================
2026-04-01 12:03:20,253 [raptor.main] INFO: ============================================================
2026-04-01 12:03:20,255 [raptor.main] INFO: RAPTOR v5.2.0 DAILY SCAN — 2026-04-01T12:03:20.255039
2026-04-01 12:03:20,255 [raptor.main] INFO: ============================================================
2026-04-01 12:04:10,082 [raptor.main] INFO: ============================================================
2026-04-01 12:04:10,083 [raptor.main] INFO: RAPTOR v5.2.0 DAILY SCAN — 2026-04-01T12:04:10.083915
2026-04-01 12:04:10,084 [raptor.main] INFO: ============================================================
2026-04-01 12:04:59,441 [raptor.main] INFO: ============================================================
2026-04-01 12:04:59,443 [raptor.main] INFO: RAPTOR v5.2.0 DAILY SCAN — 2026-04-01T12:04:59.443232
2026-04-01 12:04:59,444 [raptor.main] INFO: ============================================================
2026-04-01 12:05:49,712 [raptor.main] INFO: ============================================================
2026-04-01 12:05:49,713 [raptor.main] INFO: RAPTOR v5.2.0 DAILY SCAN — 2026-04-01T12:05:49.713615
2026-04-01 12:05:49,714 [raptor.main] INFO: ============================================================
2026-04-01 12:06:58,155 [raptor.main] INFO: ============================================================
2026-04-01 12:06:58,156 [raptor.main] INFO: RAPTOR v5.2.0 DAILY SCAN — 2026-04-01T12:06:58.156712
2026-04-01 12:06:58,157 [raptor.main] INFO: ============================================================
2026-04-01 12:06:58,159 [raptor.data_feeds] INFO: DataManager initialized with all feeds
2026-04-01 12:06:59,713 [raptor.main] INFO: Account: equity=$103872.52  cash=$88259.42  positions=4
2026-04-01 12:06:59,722 [raptor.universe] INFO: Universe from cache: 136 symbols
2026-04-01 12:06:59,724 [raptor.main] INFO: Dynamic universe: 136 symbols
2026-04-01 12:07:08,095 [raptor.data_feeds] INFO: Fetched bars for 136 / 136 symbols
2026-04-01 12:07:08,151 [raptor.data_feeds] INFO: FRED regime: BEARISH (score=-0.200)
2026-04-01 12:07:11,296 [raptor.main] INFO: Data: 136 symbols | Macro: BEARISH (-0.200) | Sentiment: 136 symbols
2026-04-01 12:07:15,556 [raptor.signals] INFO: Signals: 1 from 136 syms (regime=BEARISH)
2026-04-01 12:07:15,557 [raptor.signals] INFO: Composite: mean=-0.0028 std=0.2041 max=0.5013
2026-04-01 12:07:15,558 [raptor.main] INFO: No signals today. Patience.
2026-04-01 12:22:01,037 [raptor.main] INFO: ======================================================================
2026-04-01 12:22:01,051 [raptor.main] INFO: ======================================================================
2026-04-01 12:22:01,051 [raptor.main] INFO: ============================================================
2026-04-01 12:22:01,052 [raptor.main] INFO: RAPTOR v5.2.0 DAILY SCAN — 2026-04-01T12:22:01.052356
2026-04-01 12:22:01,053 [raptor.main] INFO: ============================================================
2026-04-01 12:22:01,054 [raptor.data_feeds] INFO: DataManager initialized with all feeds
2026-04-01 12:22:02,073 [raptor.main] INFO: Account: equity=$103886.83  cash=$88259.42  positions=4
2026-04-01 12:22:02,082 [raptor.universe] INFO: Universe from cache: 136 symbols
2026-04-01 12:22:02,084 [raptor.main] INFO: Dynamic universe: 136 symbols
2026-04-01 12:22:09,581 [raptor.data_feeds] INFO: Fetched bars for 136 / 136 symbols
2026-04-01 12:22:09,656 [raptor.data_feeds] INFO: FRED regime: BEARISH (score=-0.200)
2026-04-01 12:22:12,699 [raptor.main] INFO: Data: 136 symbols | Macro: BEARISH (-0.200) | Sentiment: 136 symbols
2026-04-01 12:22:16,271 [raptor.signals] INFO: Signals: 2 from 136 syms (regime=BEARISH)
2026-04-01 12:22:16,273 [raptor.signals] INFO: Composite: mean=-0.0030 std=0.2061 max=0.4954
2026-04-01 12:22:16,273 [raptor.main] INFO: No signals today. Patience.
2026-04-01 12:23:16,286 [raptor.main] INFO: ============================================================
2026-04-01 12:23:16,287 [raptor.main] INFO: RAPTOR v5.2.0 DAILY SCAN — 2026-04-01T12:23:16.287503
2026-04-01 12:23:16,288 [raptor.main] INFO: ============================================================
2026-04-01 12:23:16,289 [raptor.data_feeds] INFO: DataManager initialized with all feeds
2026-04-01 12:23:17,543 [raptor.main] INFO: Account: equity=$103876.72  cash=$88259.42  positions=4
2026-04-01 12:23:17,547 [raptor.universe] INFO: Universe from cache: 136 symbols
2026-04-01 12:23:17,548 [raptor.main] INFO: Dynamic universe: 136 symbols
2026-04-01 12:23:22,884 [raptor.data_feeds] INFO: Fetched bars for 136 / 136 symbols
2026-04-01 12:23:22,933 [raptor.data_feeds] INFO: FRED regime: BEARISH (score=-0.200)
2026-04-01 12:23:26,053 [raptor.main] INFO: Data: 136 symbols | Macro: BEARISH (-0.200) | Sentiment: 136 symbols
2026-04-01 12:23:31,158 [raptor.signals] INFO: Signals: 1 from 136 syms (regime=BEARISH)
2026-04-01 12:23:31,158 [raptor.signals] INFO: Composite: mean=-0.0012 std=0.2046 max=0.4888
2026-04-01 12:23:31,160 [raptor.main] INFO: No signals today. Patience.
2026-04-01 12:24:31,169 [raptor.main] INFO: ============================================================
2026-04-01 12:24:31,169 [raptor.main] INFO: RAPTOR v5.2.0 DAILY SCAN — 2026-04-01T12:24:31.169884
2026-04-01 12:24:31,170 [raptor.main] INFO: ============================================================
2026-04-01 12:24:31,172 [raptor.data_feeds] INFO: DataManager initialized with all feeds
2026-04-01 12:24:32,559 [raptor.main] INFO: Account: equity=$103873.89  cash=$88259.42  positions=4
2026-04-01 12:24:32,563 [raptor.universe] INFO: Universe from cache: 136 symbols
2026-04-01 12:24:32,563 [raptor.main] INFO: Dynamic universe: 136 symbols
2026-04-01 12:24:38,287 [raptor.data_feeds] INFO: Fetched bars for 136 / 136 symbols
2026-04-01 12:24:38,321 [raptor.data_feeds] INFO: FRED regime: BEARISH (score=-0.200)
2026-04-01 12:24:41,449 [raptor.main] INFO: Data: 136 symbols | Macro: BEARISH (-0.200) | Sentiment: 136 symbols
2026-04-01 12:24:45,887 [raptor.signals] INFO: Signals: 2 from 136 syms (regime=BEARISH)
2026-04-01 12:24:45,888 [raptor.signals] INFO: Composite: mean=-0.0016 std=0.2057 max=0.4909
2026-04-01 12:24:45,889 [raptor.main] INFO: No signals today. Patience.
2026-04-01 12:25:45,901 [raptor.main] INFO: ============================================================
2026-04-01 12:25:45,902 [raptor.main] INFO: RAPTOR v5.2.0 DAILY SCAN — 2026-04-01T12:25:45.902091
2026-04-01 12:25:45,902 [raptor.main] INFO: ============================================================
2026-04-01 12:25:45,905 [raptor.data_feeds] INFO: DataManager initialized with all feeds
2026-04-01 12:25:47,158 [raptor.main] INFO: Account: equity=$103855.89  cash=$88259.42  positions=4
2026-04-01 12:25:47,161 [raptor.universe] INFO: Universe from cache: 136 symbols
2026-04-01 12:25:47,162 [raptor.main] INFO: Dynamic universe: 136 symbols
2026-04-01 12:25:53,134 [raptor.data_feeds] INFO: Fetched bars for 136 / 136 symbols
2026-04-01 12:25:53,200 [raptor.data_feeds] INFO: FRED regime: BEARISH (score=-0.200)
2026-04-01 12:25:56,705 [raptor.main] INFO: Data: 136 symbols | Macro: BEARISH (-0.200) | Sentiment: 136 symbols
2026-04-01 12:26:01,897 [raptor.signals] INFO: Signals: 2 from 136 syms (regime=BEARISH)
2026-04-01 12:26:01,898 [raptor.signals] INFO: Composite: mean=-0.0026 std=0.2061 max=0.4936
2026-04-01 12:26:01,899 [raptor.main] INFO: No signals today. Patience.
2026-04-01 12:27:01,913 [raptor.main] INFO: ============================================================
2026-04-01 12:27:01,914 [raptor.main] INFO: RAPTOR v5.2.0 DAILY SCAN — 2026-04-01T12:27:01.914132
2026-04-01 12:27:01,914 [raptor.main] INFO: ============================================================
2026-04-01 12:27:01,916 [raptor.data_feeds] INFO: DataManager initialized with all feeds
2026-04-01 12:27:03,038 [raptor.main] INFO: Account: equity=$103843.20  cash=$88259.42  positions=4
2026-04-01 12:27:03,041 [raptor.universe] INFO: Universe from cache: 136 symbols
2026-04-01 12:27:03,042 [raptor.main] INFO: Dynamic universe: 136 symbols
2026-04-01 12:27:10,450 [raptor.data_feeds] INFO: Fetched bars for 136 / 136 symbols
2026-04-01 12:27:10,509 [raptor.data_feeds] INFO: FRED regime: BEARISH (score=-0.200)
2026-04-01 12:27:13,717 [raptor.main] INFO: Data: 136 symbols | Macro: BEARISH (-0.200) | Sentiment: 136 symbols
2026-04-01 12:27:18,639 [raptor.signals] INFO: Signals: 2 from 136 syms (regime=BEARISH)
2026-04-01 12:27:18,640 [raptor.signals] INFO: Composite: mean=-0.0025 std=0.2063 max=0.4943
2026-04-01 12:27:18,641 [raptor.main] INFO: No signals today. Patience.
2026-04-01 12:28:18,650 [raptor.main] INFO: ============================================================
2026-04-01 12:28:18,651 [raptor.main] INFO: RAPTOR v5.2.0 DAILY SCAN — 2026-04-01T12:28:18.651709
2026-04-01 12:28:18,652 [raptor.main] INFO: ============================================================
2026-04-01 12:28:18,653 [raptor.data_feeds] INFO: DataManager initialized with all feeds
2026-04-01 12:28:19,944 [raptor.main] INFO: Account: equity=$103852.39  cash=$88259.42  positions=4
2026-04-01 12:28:19,947 [raptor.universe] INFO: Universe from cache: 136 symbols
2026-04-01 12:28:19,948 [raptor.main] INFO: Dynamic universe: 136 symbols
2026-04-01 12:28:26,225 [raptor.data_feeds] INFO: Fetched bars for 136 / 136 symbols
2026-04-01 12:28:26,266 [raptor.data_feeds] INFO: FRED regime: BEARISH (score=-0.200)
2026-04-01 12:28:29,683 [raptor.main] INFO: Data: 136 symbols | Macro: BEARISH (-0.200) | Sentiment: 136 symbols
2026-04-01 12:28:34,121 [raptor.signals] INFO: Signals: 2 from 136 syms (regime=BEARISH)
2026-04-01 12:28:34,122 [raptor.signals] INFO: Composite: mean=-0.0037 std=0.2100 max=0.5773
2026-04-01 12:28:34,123 [raptor.main] INFO: No signals today. Patience.
2026-04-01 12:29:34,132 [raptor.main] INFO: ============================================================
2026-04-01 12:29:34,133 [raptor.main] INFO: RAPTOR v5.2.0 DAILY SCAN — 2026-04-01T12:29:34.133145
2026-04-01 12:29:34,133 [raptor.main] INFO: ============================================================
2026-04-01 12:29:34,135 [raptor.data_feeds] INFO: DataManager initialized with all feeds
2026-04-01 12:29:35,415 [raptor.main] INFO: Account: equity=$103842.78  cash=$88259.42  positions=4
2026-04-01 12:29:35,419 [raptor.universe] INFO: Universe from cache: 136 symbols
2026-04-01 12:29:35,420 [raptor.main] INFO: Dynamic universe: 136 symbols
2026-04-01 12:29:42,801 [raptor.data_feeds] INFO: Fetched bars for 136 / 136 symbols
2026-04-01 12:29:42,839 [raptor.data_feeds] INFO: FRED regime: BEARISH (score=-0.200)
2026-04-01 12:29:46,380 [raptor.main] INFO: Data: 136 symbols | Macro: BEARISH (-0.200) | Sentiment: 136 symbols
2026-04-01 12:29:51,520 [raptor.signals] INFO: Signals: 2 from 136 syms (regime=BEARISH)
2026-04-01 12:29:51,521 [raptor.signals] INFO: Composite: mean=-0.0022 std=0.2084 max=0.5108
2026-04-01 12:29:51,522 [raptor.main] INFO: No signals today. Patience.
2026-04-01 12:30:51,533 [raptor.main] INFO: ============================================================
2026-04-01 12:30:51,534 [raptor.main] INFO: RAPTOR v5.2.0 DAILY SCAN — 2026-04-01T12:30:51.533984
2026-04-01 12:30:51,534 [raptor.main] INFO: ============================================================
2026-04-01 12:30:51,537 [raptor.data_feeds] INFO: DataManager initialized with all feeds
2026-04-01 12:30:52,835 [raptor.main] INFO: Account: equity=$103840.28  cash=$88259.42  positions=4
2026-04-01 12:30:52,838 [raptor.universe] INFO: Universe from cache: 136 symbols
2026-04-01 12:30:52,841 [raptor.main] INFO: Dynamic universe: 136 symbols
2026-04-01 12:31:08,252 [raptor.data_feeds] INFO: Fetched bars for 136 / 136 symbols
2026-04-01 12:31:08,304 [raptor.data_feeds] INFO: FRED regime: BEARISH (score=-0.200)
2026-04-01 12:31:11,550 [raptor.main] INFO: Data: 136 symbols | Macro: BEARISH (-0.200) | Sentiment: 136 symbols
2026-04-01 12:31:16,372 [raptor.signals] INFO: Signals: 2 from 136 syms (regime=BEARISH)
2026-04-01 12:31:16,373 [raptor.signals] INFO: Composite: mean=-0.0022 std=0.2077 max=0.4992
2026-04-01 12:31:16,374 [raptor.main] INFO: No signals today. Patience.
2026-04-01 12:32:16,383 [raptor.main] INFO: ============================================================
2026-04-01 12:32:16,384 [raptor.main] INFO: RAPTOR v5.2.0 DAILY SCAN — 2026-04-01T12:32:16.384673
2026-04-01 12:32:16,385 [raptor.main] INFO: ============================================================
2026-04-01 12:32:16,386 [raptor.data_feeds] INFO: DataManager initialized with all feeds
2026-04-01 12:32:17,521 [raptor.main] INFO: Account: equity=$103849.44  cash=$88259.42  positions=4
2026-04-01 12:32:17,524 [raptor.universe] INFO: Universe from cache: 136 symbols
2026-04-01 12:32:17,526 [raptor.main] INFO: Dynamic universe: 136 symbols
2026-04-01 12:32:25,372 [raptor.data_feeds] INFO: Fetched bars for 136 / 136 symbols
2026-04-01 12:32:25,418 [raptor.data_feeds] INFO: FRED regime: BEARISH (score=-0.200)
2026-04-01 12:32:28,490 [raptor.main] INFO: Data: 136 symbols | Macro: BEARISH (-0.200) | Sentiment: 136 symbols
2026-04-01 12:32:33,184 [raptor.signals] INFO: Signals: 2 from 136 syms (regime=BEARISH)
2026-04-01 12:32:33,184 [raptor.signals] INFO: Composite: mean=-0.0017 std=0.2073 max=0.5021
2026-04-01 12:32:33,186 [raptor.main] INFO: No signals today. Patience.
2026-04-01 12:33:33,194 [raptor.main] INFO: ============================================================
2026-04-01 12:33:33,195 [raptor.main] INFO: RAPTOR v5.2.0 DAILY SCAN — 2026-04-01T12:33:33.195247
2026-04-01 12:33:33,195 [raptor.main] INFO: ============================================================
2026-04-01 12:33:33,197 [raptor.data_feeds] INFO: DataManager initialized with all feeds
2026-04-01 12:33:34,530 [raptor.main] INFO: Account: equity=$103851.56  cash=$88259.42  positions=4
2026-04-01 12:33:34,533 [raptor.universe] INFO: Universe from cache: 136 symbols
2026-04-01 12:33:34,534 [raptor.main] INFO: Dynamic universe: 136 symbols
2026-04-01 12:33:44,809 [raptor.data_feeds] INFO: Fetched bars for 136 / 136 symbols
2026-04-01 12:33:44,847 [raptor.data_feeds] INFO: FRED regime: BEARISH (score=-0.200)
2026-04-01 12:33:48,269 [raptor.main] INFO: Data: 136 symbols | Macro: BEARISH (-0.200) | Sentiment: 136 symbols
2026-04-01 12:33:53,454 [raptor.signals] INFO: Signals: 2 from 136 syms (regime=BEARISH)
2026-04-01 12:33:53,455 [raptor.signals] INFO: Composite: mean=-0.0025 std=0.2074 max=0.4937
2026-04-01 12:33:53,455 [raptor.main] INFO: No signals today. Patience.
2026-04-01 12:34:53,491 [raptor.main] INFO: ============================================================
2026-04-01 12:34:53,498 [raptor.main] INFO: RAPTOR v5.2.0 DAILY SCAN — 2026-04-01T12:34:53.497955
2026-04-01 12:34:53,498 [raptor.main] INFO: ============================================================
2026-04-01 12:34:53,501 [raptor.data_feeds] INFO: DataManager initialized with all feeds
2026-04-01 12:34:54,815 [raptor.main] INFO: Account: equity=$103846.52  cash=$88259.42  positions=4
2026-04-01 12:34:54,819 [raptor.universe] INFO: Universe from cache: 136 symbols
2026-04-01 12:34:54,819 [raptor.main] INFO: Dynamic universe: 136 symbols
2026-04-01 12:35:02,322 [raptor.data_feeds] INFO: Fetched bars for 136 / 136 symbols
2026-04-01 12:35:02,359 [raptor.data_feeds] INFO: FRED regime: BEARISH (score=-0.200)
2026-04-01 12:35:05,860 [raptor.main] INFO: Data: 136 symbols | Macro: BEARISH (-0.200) | Sentiment: 136 symbols
2026-04-01 12:35:11,288 [raptor.signals] INFO: Signals: 2 from 136 syms (regime=BEARISH)
2026-04-01 12:35:11,289 [raptor.signals] INFO: Composite: mean=-0.0017 std=0.2069 max=0.4931
2026-04-01 12:35:11,290 [raptor.main] INFO: No signals today. Patience.
2026-04-01 12:36:11,297 [raptor.main] INFO: ============================================================
2026-04-01 12:36:11,298 [raptor.main] INFO: RAPTOR v5.2.0 DAILY SCAN — 2026-04-01T12:36:11.298678
2026-04-01 12:36:11,299 [raptor.main] INFO: ============================================================
2026-04-01 12:36:11,301 [raptor.data_feeds] INFO: DataManager initialized with all feeds
2026-04-01 12:36:12,540 [raptor.main] INFO: Account: equity=$103862.14  cash=$88259.42  positions=4
2026-04-01 12:36:12,544 [raptor.universe] INFO: Universe from cache: 136 symbols
2026-04-01 12:36:12,546 [raptor.main] INFO: Dynamic universe: 136 symbols
2026-04-01 12:36:20,423 [raptor.data_feeds] INFO: Fetched bars for 136 / 136 symbols
2026-04-01 12:36:20,468 [raptor.data_feeds] INFO: FRED regime: BEARISH (score=-0.200)
2026-04-01 12:36:23,948 [raptor.main] INFO: Data: 136 symbols | Macro: BEARISH (-0.200) | Sentiment: 136 symbols
2026-04-01 12:36:29,213 [raptor.signals] INFO: Signals: 2 from 136 syms (regime=BEARISH)
2026-04-01 12:36:29,215 [raptor.signals] INFO: Composite: mean=-0.0025 std=0.2075 max=0.4928
2026-04-01 12:36:29,216 [raptor.main] INFO: No signals today. Patience.
2026-04-01 12:37:29,223 [raptor.main] INFO: ============================================================
2026-04-01 12:37:29,224 [raptor.main] INFO: RAPTOR v5.2.0 DAILY SCAN — 2026-04-01T12:37:29.224529
2026-04-01 12:37:29,225 [raptor.main] INFO: ============================================================
2026-04-01 12:37:29,226 [raptor.data_feeds] INFO: DataManager initialized with all feeds
2026-04-01 12:37:30,470 [raptor.main] INFO: Account: equity=$103864.14  cash=$88259.42  positions=4
2026-04-01 12:37:30,478 [raptor.universe] INFO: Universe from cache: 136 symbols
2026-04-01 12:37:30,479 [raptor.main] INFO: Dynamic universe: 136 symbols
2026-04-01 12:37:38,421 [raptor.data_feeds] INFO: Fetched bars for 136 / 136 symbols
2026-04-01 12:37:38,465 [raptor.data_feeds] INFO: FRED regime: BEARISH (score=-0.200)
2026-04-01 12:37:41,761 [raptor.main] INFO: Data: 136 symbols | Macro: BEARISH (-0.200) | Sentiment: 136 symbols
2026-04-01 12:37:46,746 [raptor.signals] INFO: Signals: 2 from 136 syms (regime=BEARISH)
2026-04-01 12:37:46,747 [raptor.signals] INFO: Composite: mean=-0.0028 std=0.2083 max=0.4922
2026-04-01 12:37:46,748 [raptor.main] INFO: No signals today. Patience.
2026-04-01 12:38:46,755 [raptor.main] INFO: ============================================================
2026-04-01 12:38:46,756 [raptor.main] INFO: RAPTOR v5.2.0 DAILY SCAN — 2026-04-01T12:38:46.756304
2026-04-01 12:38:46,757 [raptor.main] INFO: ============================================================
2026-04-01 12:38:46,760 [raptor.data_feeds] INFO: DataManager initialized with all feeds
2026-04-01 12:38:47,887 [raptor.main] INFO: Account: equity=$103882.65  cash=$88259.42  positions=4
2026-04-01 12:38:47,890 [raptor.universe] INFO: Universe from cache: 136 symbols
2026-04-01 12:38:47,890 [raptor.main] INFO: Dynamic universe: 136 symbols
2026-04-01 12:38:56,119 [raptor.data_feeds] INFO: Fetched bars for 136 / 136 symbols
2026-04-01 12:38:56,158 [raptor.data_feeds] INFO: FRED regime: BEARISH (score=-0.200)
2026-04-01 12:38:59,542 [raptor.main] INFO: Data: 136 symbols | Macro: BEARISH (-0.200) | Sentiment: 136 symbols
2026-04-01 12:39:04,715 [raptor.signals] INFO: Signals: 2 from 136 syms (regime=BEARISH)
2026-04-01 12:39:04,717 [raptor.signals] INFO: Composite: mean=-0.0033 std=0.2094 max=0.5670
2026-04-01 12:39:04,718 [raptor.main] INFO: No signals today. Patience.
2026-04-01 12:40:04,726 [raptor.main] INFO: ============================================================
2026-04-01 12:40:04,727 [raptor.main] INFO: RAPTOR v5.2.0 DAILY SCAN — 2026-04-01T12:40:04.727779
2026-04-01 12:40:04,728 [raptor.main] INFO: ============================================================
2026-04-01 12:40:04,732 [raptor.data_feeds] INFO: DataManager initialized with all feeds
2026-04-01 12:40:06,023 [raptor.main] INFO: Account: equity=$103871.25  cash=$88259.42  positions=4
2026-04-01 12:40:06,026 [raptor.universe] INFO: Universe from cache: 136 symbols
2026-04-01 12:40:06,027 [raptor.main] INFO: Dynamic universe: 136 symbols
2026-04-01 12:40:18,131 [raptor.data_feeds] INFO: Fetched bars for 136 / 136 symbols
2026-04-01 12:40:18,199 [raptor.data_feeds] INFO: FRED regime: BEARISH (score=-0.200)
2026-04-01 12:40:21,689 [raptor.main] INFO: Data: 136 symbols | Macro: BEARISH (-0.200) | Sentiment: 136 symbols
2026-04-01 12:40:27,073 [raptor.signals] INFO: Signals: 2 from 136 syms (regime=BEARISH)
2026-04-01 12:40:27,074 [raptor.signals] INFO: Composite: mean=-0.0012 std=0.2075 max=0.4893
2026-04-01 12:40:27,075 [raptor.main] INFO: No signals today. Patience.
2026-04-01 12:41:27,082 [raptor.main] INFO: ============================================================
2026-04-01 12:41:27,083 [raptor.main] INFO: RAPTOR v5.2.0 DAILY SCAN — 2026-04-01T12:41:27.083605
2026-04-01 12:41:27,084 [raptor.main] INFO: ============================================================
2026-04-01 12:41:27,086 [raptor.data_feeds] INFO: DataManager initialized with all feeds
2026-04-01 12:41:28,341 [raptor.main] INFO: Account: equity=$103865.80  cash=$88259.42  positions=4
2026-04-01 12:41:28,344 [raptor.universe] INFO: Universe from cache: 136 symbols
2026-04-01 12:41:28,345 [raptor.main] INFO: Dynamic universe: 136 symbols
2026-04-01 12:41:37,609 [raptor.data_feeds] INFO: Fetched bars for 136 / 136 symbols
2026-04-01 12:41:37,649 [raptor.data_feeds] INFO: FRED regime: BEARISH (score=-0.200)
2026-04-01 12:41:40,776 [raptor.main] INFO: Data: 136 symbols | Macro: BEARISH (-0.200) | Sentiment: 136 symbols
2026-04-01 12:41:46,112 [raptor.signals] INFO: Signals: 2 from 136 syms (regime=BEARISH)
2026-04-01 12:41:46,113 [raptor.signals] INFO: Composite: mean=-0.0015 std=0.2071 max=0.4902
2026-04-01 12:41:46,114 [raptor.main] INFO: No signals today. Patience.
2026-04-01 12:42:46,123 [raptor.main] INFO: ============================================================
2026-04-01 12:42:46,124 [raptor.main] INFO: RAPTOR v5.2.0 DAILY SCAN — 2026-04-01T12:42:46.124476
2026-04-01 12:42:46,125 [raptor.main] INFO: ============================================================
2026-04-01 12:42:46,127 [raptor.data_feeds] INFO: DataManager initialized with all feeds
2026-04-01 12:42:47,664 [raptor.main] INFO: Account: equity=$103869.52  cash=$88259.42  positions=4
2026-04-01 12:42:47,668 [raptor.universe] INFO: Universe from cache: 136 symbols
2026-04-01 12:42:47,669 [raptor.main] INFO: Dynamic universe: 136 symbols
2026-04-01 12:42:57,347 [raptor.data_feeds] INFO: Fetched bars for 136 / 136 symbols
2026-04-01 12:42:57,396 [raptor.data_feeds] INFO: FRED regime: BEARISH (score=-0.200)
2026-04-01 12:43:00,745 [raptor.main] INFO: Data: 136 symbols | Macro: BEARISH (-0.200) | Sentiment: 136 symbols
2026-04-01 12:43:05,900 [raptor.signals] INFO: Signals: 2 from 136 syms (regime=BEARISH)
2026-04-01 12:43:05,901 [raptor.signals] INFO: Composite: mean=-0.0022 std=0.2076 max=0.4903
2026-04-01 12:43:05,902 [raptor.main] INFO: No signals today. Patience.
2026-04-01 12:44:05,911 [raptor.main] INFO: ============================================================
2026-04-01 12:44:05,911 [raptor.main] INFO: RAPTOR v5.2.0 DAILY SCAN — 2026-04-01T12:44:05.911822
2026-04-01 12:44:05,912 [raptor.main] INFO: ============================================================
2026-04-01 12:44:05,913 [raptor.data_feeds] INFO: DataManager initialized with all feeds
2026-04-01 12:44:07,088 [raptor.main] INFO: Account: equity=$103859.36  cash=$88259.42  positions=4
2026-04-01 12:44:07,091 [raptor.universe] INFO: Universe from cache: 136 symbols
2026-04-01 12:44:07,092 [raptor.main] INFO: Dynamic universe: 136 symbols
2026-04-01 12:44:28,140 [raptor.data_feeds] ERROR: Alpaca bar fetch failed for batch 0: HTTPSConnectionPool(host='data.alpaca.markets', port=443): Max retries exceeded with url: /v2/stocks/bars?start=2025-10-23T12%3A44%3A07.092341%2B00%3A00&end=2026-04-01T12%3A44%3A07.092341%2B00%3A00&timeframe=1Day&feed=iex&symbols=INTC%2CPLTR%2CAMD%2CAVGO%2CSOXL%2CTQQQ%2CMU%2CEWY%2CUSO%2CNVDA%2CSQQQ%2CTSLA%2CBITO%2CGDX%2CIBIT%2CTZA%2CBAC%2CAMZN%2CIWM%2CORCL%2CEEM%2CXOM%2CKRE%2CCSCO%2CSLV%2CNFLX%2CGOOGL%2CAAPL%2CNOW%2CCVX%2CNVD%2CMSFT%2CEFA%2CSLB%2CIGV%2CXLI%2CSOXS%2CFCX%2CXLF%2CXLE%2CQQQ%2CDAL%2CEWZ%2CC%2CPLTD%2CSPY%2CRSP%2CXLP%2CWFC%2CMRVL%2CXLV%2CWMT%2CCCL%2CXLK%2CB%2CLYB%2CUBER%2CARKK%2CHOOD%2CDOW%2CTSLL%2CETHA%2CNU%2CT%2COXY%2CVZ%2CDVN%2CHAL%2CKO%2CCMCSA%2CBMNR%2CCMG%2CPINS%2CNOK%2CPBR%2CHPE%2CPYPL%2CAAL%2CKGC%2CIREN%2CCDE%2CNCLH%2CBKR%2CIEFA%2CRKT%2CPFE%2CBSX%2CXLU%2CEWJ%2CNKE%2CCNQ%2CFXI%2CEQT%2CEQNR%2CVG%2CSOFI%2CTTD%2CXLC%2CVALE%2CCVE%2CNVO%2CIJH%2CBP%2CVCLT%2CSMCI%2CCSX%2CTSLG%2CUSB%2CIAU%2CMDLZ%2CFITB%2CIEMG%2CF%2CRWM%2CXLB%2CVEA%2CKHC%2CCTRA%2CGIS%2CINDA%2CEXC%2CHDB%2CBMY%2CTFC%2CKWEB%2CHBAN%2CWBD%2CKMI%2CSPDN%2CSCHX%2CSCHG%2CJD%2CXLRE%2CKVUE%2CPSQ%2CSCHD&limit=10000 (Caused by ConnectTimeoutError(<HTTPSConnection(host='data.alpaca.markets', port=443) at 0x1ccaeaf3250>, 'Connection to data.alpaca.markets timed out. (connect timeout=None)'))
2026-04-01 12:44:28,140 [raptor.data_feeds] INFO: Fetched bars for 0 / 136 symbols
2026-04-01 12:44:28,185 [raptor.data_feeds] INFO: FRED regime: BEARISH (score=-0.200)
2026-04-01 12:44:28,186 [raptor.main] INFO: Data: 0 symbols | Macro: BEARISH (-0.200) | Sentiment: 0 symbols
2026-04-01 12:44:28,187 [raptor.signals] WARNING: Only 0 symbols with sufficient data
2026-04-01 12:44:28,187 [raptor.main] INFO: No signals today. Patience.
2026-04-01 12:45:28,188 [raptor.main] INFO: ============================================================
2026-04-01 12:45:28,188 [raptor.main] INFO: RAPTOR v5.2.0 DAILY SCAN — 2026-04-01T12:45:28.188861
2026-04-01 12:45:28,189 [raptor.main] INFO: ============================================================
2026-04-01 12:45:28,191 [raptor.data_feeds] INFO: DataManager initialized with all feeds
2026-04-01 12:45:29,415 [raptor.main] INFO: Account: equity=$103876.77  cash=$88259.42  positions=4
2026-04-01 12:45:29,418 [raptor.universe] INFO: Universe from cache: 136 symbols
2026-04-01 12:45:29,419 [raptor.main] INFO: Dynamic universe: 136 symbols
2026-04-01 12:45:50,466 [raptor.data_feeds] ERROR: Alpaca bar fetch failed for batch 0: HTTPSConnectionPool(host='data.alpaca.markets', port=443): Max retries exceeded with url: /v2/stocks/bars?start=2025-10-23T12%3A45%3A29.419855%2B00%3A00&end=2026-04-01T12%3A45%3A29.419855%2B00%3A00&timeframe=1Day&feed=iex&symbols=INTC%2CPLTR%2CAMD%2CAVGO%2CSOXL%2CTQQQ%2CMU%2CEWY%2CUSO%2CNVDA%2CSQQQ%2CTSLA%2CBITO%2CGDX%2CIBIT%2CTZA%2CBAC%2CAMZN%2CIWM%2CORCL%2CEEM%2CXOM%2CKRE%2CCSCO%2CSLV%2CNFLX%2CGOOGL%2CAAPL%2CNOW%2CCVX%2CNVD%2CMSFT%2CEFA%2CSLB%2CIGV%2CXLI%2CSOXS%2CFCX%2CXLF%2CXLE%2CQQQ%2CDAL%2CEWZ%2CC%2CPLTD%2CSPY%2CRSP%2CXLP%2CWFC%2CMRVL%2CXLV%2CWMT%2CCCL%2CXLK%2CB%2CLYB%2CUBER%2CARKK%2CHOOD%2CDOW%2CTSLL%2CETHA%2CNU%2CT%2COXY%2CVZ%2CDVN%2CHAL%2CKO%2CCMCSA%2CBMNR%2CCMG%2CPINS%2CNOK%2CPBR%2CHPE%2CPYPL%2CAAL%2CKGC%2CIREN%2CCDE%2CNCLH%2CBKR%2CIEFA%2CRKT%2CPFE%2CBSX%2CXLU%2CEWJ%2CNKE%2CCNQ%2CFXI%2CEQT%2CEQNR%2CVG%2CSOFI%2CTTD%2CXLC%2CVALE%2CCVE%2CNVO%2CIJH%2CBP%2CVCLT%2CSMCI%2CCSX%2CTSLG%2CUSB%2CIAU%2CMDLZ%2CFITB%2CIEMG%2CF%2CRWM%2CXLB%2CVEA%2CKHC%2CCTRA%2CGIS%2CINDA%2CEXC%2CHDB%2CBMY%2CTFC%2CKWEB%2CHBAN%2CWBD%2CKMI%2CSPDN%2CSCHX%2CSCHG%2CJD%2CXLRE%2CKVUE%2CPSQ%2CSCHD&limit=10000 (Caused by ConnectTimeoutError(<HTTPSConnection(host='data.alpaca.markets', port=443) at 0x1ccaeaf3750>, 'Connection to data.alpaca.markets timed out. (connect timeout=None)'))
2026-04-01 12:45:50,467 [raptor.data_feeds] INFO: Fetched bars for 0 / 136 symbols
2026-04-01 12:45:50,505 [raptor.data_feeds] INFO: FRED regime: BEARISH (score=-0.200)
2026-04-01 12:45:50,506 [raptor.main] INFO: Data: 0 symbols | Macro: BEARISH (-0.200) | Sentiment: 0 symbols
2026-04-01 12:45:50,506 [raptor.signals] WARNING: Only 0 symbols with sufficient data
2026-04-01 12:45:50,508 [raptor.main] INFO: No signals today. Patience.
2026-04-01 12:46:50,509 [raptor.main] INFO: ============================================================
2026-04-01 12:46:50,510 [raptor.main] INFO: RAPTOR v5.2.0 DAILY SCAN — 2026-04-01T12:46:50.510161
2026-04-01 12:46:50,510 [raptor.main] INFO: ============================================================
2026-04-01 12:46:50,513 [raptor.data_feeds] INFO: DataManager initialized with all feeds
2026-04-01 12:46:51,748 [raptor.main] INFO: Account: equity=$103859.56  cash=$88259.42  positions=4
2026-04-01 12:46:51,751 [raptor.universe] INFO: Universe from cache: 136 symbols
2026-04-01 12:46:51,752 [raptor.main] INFO: Dynamic universe: 136 symbols
2026-04-01 12:47:01,820 [raptor.data_feeds] INFO: Fetched bars for 136 / 136 symbols
2026-04-01 12:47:01,861 [raptor.data_feeds] INFO: FRED regime: BEARISH (score=-0.200)
2026-04-01 12:47:05,279 [raptor.main] INFO: Data: 136 symbols | Macro: BEARISH (-0.200) | Sentiment: 136 symbols
2026-04-01 12:47:10,454 [raptor.signals] INFO: Signals: 2 from 136 syms (regime=BEARISH)
2026-04-01 12:47:10,454 [raptor.signals] INFO: Composite: mean=-0.0041 std=0.2126 max=0.5935
2026-04-01 12:47:10,456 [raptor.main] INFO: No signals today. Patience.
2026-04-01 12:48:10,464 [raptor.main] INFO: ============================================================
2026-04-01 12:48:10,464 [raptor.main] INFO: RAPTOR v5.2.0 DAILY SCAN — 2026-04-01T12:48:10.464773
2026-04-01 12:48:10,465 [raptor.main] INFO: ============================================================
2026-04-01 12:48:10,467 [raptor.data_feeds] INFO: DataManager initialized with all feeds
2026-04-01 12:48:12,033 [raptor.main] INFO: Account: equity=$103853.65  cash=$88259.42  positions=4
2026-04-01 12:48:12,036 [raptor.universe] INFO: Universe from cache: 136 symbols
2026-04-01 12:48:12,037 [raptor.main] INFO: Dynamic universe: 136 symbols
2026-04-01 12:48:19,585 [raptor.data_feeds] INFO: Fetched bars for 136 / 136 symbols
2026-04-01 12:48:19,629 [raptor.data_feeds] INFO: FRED regime: BEARISH (score=-0.200)
2026-04-01 12:48:23,115 [raptor.main] INFO: Data: 136 symbols | Macro: BEARISH (-0.200) | Sentiment: 136 symbols
2026-04-01 12:48:29,142 [raptor.signals] INFO: Signals: 2 from 136 syms (regime=BEARISH)
2026-04-01 12:48:29,143 [raptor.signals] INFO: Composite: mean=-0.0039 std=0.2114 max=0.5885
2026-04-01 12:48:29,144 [raptor.main] INFO: No signals today. Patience.
2026-04-01 12:49:29,152 [raptor.main] INFO: ============================================================
2026-04-01 12:49:29,153 [raptor.main] INFO: RAPTOR v5.2.0 DAILY SCAN — 2026-04-01T12:49:29.153778
2026-04-01 12:49:29,155 [raptor.main] INFO: ============================================================
2026-04-01 12:49:29,158 [raptor.data_feeds] INFO: DataManager initialized with all feeds
2026-04-01 12:49:30,491 [raptor.main] INFO: Account: equity=$103865.34  cash=$88259.42  positions=4
2026-04-01 12:49:30,498 [raptor.universe] INFO: Universe from cache: 136 symbols
2026-04-01 12:49:30,501 [raptor.main] INFO: Dynamic universe: 136 symbols
2026-04-01 12:49:36,662 [raptor.data_feeds] INFO: Fetched bars for 136 / 136 symbols
2026-04-01 12:49:36,705 [raptor.data_feeds] INFO: FRED regime: BEARISH (score=-0.200)
2026-04-01 12:49:39,909 [raptor.main] INFO: Data: 136 symbols | Macro: BEARISH (-0.200) | Sentiment: 136 symbols
2026-04-01 12:49:45,060 [raptor.signals] INFO: Signals: 2 from 136 syms (regime=BEARISH)
2026-04-01 12:49:45,062 [raptor.signals] INFO: Composite: mean=-0.0024 std=0.2095 max=0.5197
2026-04-01 12:49:45,063 [raptor.main] INFO: No signals today. Patience.
2026-04-01 12:50:45,078 [raptor.main] INFO: ============================================================
2026-04-01 12:50:45,080 [raptor.main] INFO: RAPTOR v5.2.0 DAILY SCAN — 2026-04-01T12:50:45.080608
2026-04-01 12:50:45,081 [raptor.main] INFO: ============================================================
2026-04-01 12:50:45,085 [raptor.data_feeds] INFO: DataManager initialized with all feeds
2026-04-01 12:50:46,620 [raptor.main] INFO: Account: equity=$103856.33  cash=$88259.42  positions=4
2026-04-01 12:50:46,625 [raptor.universe] INFO: Universe from cache: 136 symbols
2026-04-01 12:50:46,627 [raptor.main] INFO: Dynamic universe: 136 symbols
2026-04-01 12:50:52,078 [raptor.data_feeds] INFO: Fetched bars for 136 / 136 symbols
2026-04-01 12:50:52,129 [raptor.data_feeds] INFO: FRED regime: BEARISH (score=-0.200)
2026-04-01 12:50:55,606 [raptor.main] INFO: Data: 136 symbols | Macro: BEARISH (-0.200) | Sentiment: 136 symbols
2026-04-01 12:51:00,319 [raptor.signals] INFO: Signals: 2 from 136 syms (regime=BEARISH)
2026-04-01 12:51:00,320 [raptor.signals] INFO: Composite: mean=-0.0013 std=0.2086 max=0.5000
2026-04-01 12:51:00,320 [raptor.main] INFO: No signals today. Patience.
2026-04-01 12:52:00,328 [raptor.main] INFO: ============================================================
2026-04-01 12:52:00,329 [raptor.main] INFO: RAPTOR v5.2.0 DAILY SCAN — 2026-04-01T12:52:00.329404
2026-04-01 12:52:00,329 [raptor.main] INFO: ============================================================
2026-04-01 12:52:00,331 [raptor.data_feeds] INFO: DataManager initialized with all feeds
2026-04-01 12:52:01,726 [raptor.main] INFO: Account: equity=$103859.54  cash=$88259.42  positions=4
2026-04-01 12:52:01,731 [raptor.universe] INFO: Universe from cache: 136 symbols
2026-04-01 12:52:01,731 [raptor.main] INFO: Dynamic universe: 136 symbols
2026-04-01 12:52:07,578 [raptor.data_feeds] INFO: Fetched bars for 136 / 136 symbols
2026-04-01 12:52:07,631 [raptor.data_feeds] INFO: FRED regime: BEARISH (score=-0.200)
2026-04-01 12:52:11,878 [raptor.main] INFO: Data: 136 symbols | Macro: BEARISH (-0.200) | Sentiment: 136 symbols
2026-04-01 12:52:16,514 [raptor.signals] INFO: Signals: 2 from 136 syms (regime=BEARISH)
2026-04-01 12:52:16,515 [raptor.signals] INFO: Composite: mean=-0.0026 std=0.2084 max=0.4986
2026-04-01 12:52:16,516 [raptor.main] INFO: No signals today. Patience.
2026-04-01 12:53:16,525 [raptor.main] INFO: ============================================================
2026-04-01 12:53:16,526 [raptor.main] INFO: RAPTOR v5.2.0 DAILY SCAN — 2026-04-01T12:53:16.526154
2026-04-01 12:53:16,526 [raptor.main] INFO: ============================================================
2026-04-01 12:53:16,528 [raptor.data_feeds] INFO: DataManager initialized with all feeds
2026-04-01 12:53:17,813 [raptor.main] INFO: Account: equity=$103865.84  cash=$88259.42  positions=4
2026-04-01 12:53:17,816 [raptor.universe] INFO: Universe from cache: 136 symbols
2026-04-01 12:53:17,816 [raptor.main] INFO: Dynamic universe: 136 symbols
2026-04-01 12:53:22,548 [raptor.data_feeds] INFO: Fetched bars for 136 / 136 symbols
2026-04-01 12:53:22,603 [raptor.data_feeds] INFO: FRED regime: BEARISH (score=-0.200)
2026-04-01 12:53:26,223 [raptor.main] INFO: Data: 136 symbols | Macro: BEARISH (-0.200) | Sentiment: 136 symbols
2026-04-01 12:53:31,550 [raptor.signals] INFO: Signals: 2 from 136 syms (regime=BEARISH)
2026-04-01 12:53:31,550 [raptor.signals] INFO: Composite: mean=-0.0022 std=0.2092 max=0.5128
2026-04-01 12:53:31,551 [raptor.main] INFO: No signals today. Patience.
2026-04-01 12:54:31,558 [raptor.main] INFO: ============================================================
2026-04-01 12:54:31,558 [raptor.main] INFO: RAPTOR v5.2.0 DAILY SCAN — 2026-04-01T12:54:31.558808
2026-04-01 12:54:31,559 [raptor.main] INFO: ============================================================
2026-04-01 12:54:31,560 [raptor.data_feeds] INFO: DataManager initialized with all feeds
2026-04-01 12:54:33,560 [raptor.main] INFO: Account: equity=$103880.51  cash=$88259.42  positions=4
2026-04-01 12:54:33,563 [raptor.universe] INFO: Universe from cache: 136 symbols
2026-04-01 12:54:33,564 [raptor.main] INFO: Dynamic universe: 136 symbols
2026-04-01 12:54:38,905 [raptor.data_feeds] INFO: Fetched bars for 136 / 136 symbols
2026-04-01 12:54:38,954 [raptor.data_feeds] INFO: FRED regime: BEARISH (score=-0.200)
2026-04-01 12:54:42,015 [raptor.main] INFO: Data: 136 symbols | Macro: BEARISH (-0.200) | Sentiment: 136 symbols
2026-04-01 12:54:46,613 [raptor.signals] INFO: Signals: 1 from 136 syms (regime=BEARISH)
2026-04-01 12:54:46,614 [raptor.signals] INFO: Composite: mean=-0.0036 std=0.2075 max=0.4955
2026-04-01 12:54:46,615 [raptor.main] INFO: No signals today. Patience.
2026-04-01 12:55:46,622 [raptor.main] INFO: ============================================================
2026-04-01 12:55:46,623 [raptor.main] INFO: RAPTOR v5.2.0 DAILY SCAN — 2026-04-01T12:55:46.623502
2026-04-01 12:55:46,623 [raptor.main] INFO: ============================================================
2026-04-01 12:55:46,625 [raptor.data_feeds] INFO: DataManager initialized with all feeds
2026-04-01 12:55:47,939 [raptor.main] INFO: Account: equity=$103879.69  cash=$88259.42  positions=4
2026-04-01 12:55:47,943 [raptor.universe] INFO: Universe from cache: 136 symbols
2026-04-01 12:55:47,944 [raptor.main] INFO: Dynamic universe: 136 symbols
2026-04-01 12:55:53,447 [raptor.data_feeds] INFO: Fetched bars for 136 / 136 symbols
2026-04-01 12:55:53,506 [raptor.data_feeds] INFO: FRED regime: BEARISH (score=-0.200)
2026-04-01 12:55:57,350 [raptor.main] INFO: Data: 136 symbols | Macro: BEARISH (-0.200) | Sentiment: 136 symbols
2026-04-01 12:56:02,035 [raptor.signals] INFO: Signals: 2 from 136 syms (regime=BEARISH)
2026-04-01 12:56:02,036 [raptor.signals] INFO: Composite: mean=-0.0015 std=0.2041 max=0.4967
2026-04-01 12:56:02,037 [raptor.main] INFO: No signals today. Patience.
2026-04-01 12:57:02,047 [raptor.main] INFO: ============================================================
2026-04-01 12:57:02,047 [raptor.main] INFO: RAPTOR v5.2.0 DAILY SCAN — 2026-04-01T12:57:02.047931
2026-04-01 12:57:02,048 [raptor.main] INFO: ============================================================
2026-04-01 12:57:02,050 [raptor.data_feeds] INFO: DataManager initialized with all feeds
2026-04-01 12:57:03,308 [raptor.main] INFO: Account: equity=$103877.15  cash=$88259.42  positions=4
2026-04-01 12:57:03,311 [raptor.universe] INFO: Universe from cache: 136 symbols
2026-04-01 12:57:03,312 [raptor.main] INFO: Dynamic universe: 136 symbols
2026-04-01 12:57:10,200 [raptor.data_feeds] INFO: Fetched bars for 136 / 136 symbols
2026-04-01 12:57:10,246 [raptor.data_feeds] INFO: FRED regime: BEARISH (score=-0.200)
2026-04-01 12:57:13,464 [raptor.main] INFO: Data: 136 symbols | Macro: BEARISH (-0.200) | Sentiment: 136 symbols
2026-04-01 12:57:18,181 [raptor.signals] INFO: Signals: 2 from 136 syms (regime=BEARISH)
2026-04-01 12:57:18,182 [raptor.signals] INFO: Composite: mean=-0.0026 std=0.2042 max=0.4932
2026-04-01 12:57:18,182 [raptor.main] INFO: No signals today. Patience.
2026-04-01 12:58:18,190 [raptor.main] INFO: ============================================================
2026-04-01 12:58:18,191 [raptor.main] INFO: RAPTOR v5.2.0 DAILY SCAN — 2026-04-01T12:58:18.191221
2026-04-01 12:58:18,191 [raptor.main] INFO: ============================================================
2026-04-01 12:58:18,192 [raptor.data_feeds] INFO: DataManager initialized with all feeds
2026-04-01 12:58:19,496 [raptor.main] INFO: Account: equity=$103873.64  cash=$88259.42  positions=4
2026-04-01 12:58:19,499 [raptor.universe] INFO: Universe from cache: 136 symbols
2026-04-01 12:58:19,499 [raptor.main] INFO: Dynamic universe: 136 symbols
2026-04-01 12:58:24,475 [raptor.data_feeds] INFO: Fetched bars for 136 / 136 symbols
2026-04-01 12:58:24,519 [raptor.data_feeds] INFO: FRED regime: BEARISH (score=-0.200)
2026-04-01 12:58:27,813 [raptor.main] INFO: Data: 136 symbols | Macro: BEARISH (-0.200) | Sentiment: 136 symbols
2026-04-01 12:58:32,429 [raptor.signals] INFO: Signals: 1 from 136 syms (regime=BEARISH)
2026-04-01 12:58:32,430 [raptor.signals] INFO: Composite: mean=-0.0024 std=0.2024 max=0.4942
2026-04-01 12:58:32,431 [raptor.main] INFO: No signals today. Patience.
2026-04-01 12:59:32,438 [raptor.main] INFO: ============================================================
2026-04-01 12:59:32,438 [raptor.main] INFO: RAPTOR v5.2.0 DAILY SCAN — 2026-04-01T12:59:32.438733
2026-04-01 12:59:32,439 [raptor.main] INFO: ============================================================
2026-04-01 12:59:32,439 [raptor.data_feeds] INFO: DataManager initialized with all feeds
2026-04-01 12:59:33,941 [raptor.main] INFO: Account: equity=$103863.90  cash=$88259.42  positions=4
2026-04-01 12:59:33,943 [raptor.universe] INFO: Universe from cache: 136 symbols
2026-04-01 12:59:33,944 [raptor.main] INFO: Dynamic universe: 136 symbols
2026-04-01 12:59:39,021 [raptor.data_feeds] INFO: Fetched bars for 136 / 136 symbols
2026-04-01 12:59:39,064 [raptor.data_feeds] INFO: FRED regime: BEARISH (score=-0.200)
2026-04-01 12:59:42,658 [raptor.main] INFO: Data: 136 symbols | Macro: BEARISH (-0.200) | Sentiment: 136 symbols
2026-04-01 12:59:47,313 [raptor.signals] INFO: Signals: 1 from 136 syms (regime=BEARISH)
2026-04-01 12:59:47,314 [raptor.signals] INFO: Composite: mean=-0.0019 std=0.2021 max=0.4990
2026-04-01 12:59:47,321 [raptor.main] INFO: No signals today. Patience.
2026-04-01 13:00:47,329 [raptor.main] INFO: ============================================================
2026-04-01 13:00:47,329 [raptor.main] INFO: RAPTOR v5.2.0 DAILY SCAN — 2026-04-01T13:00:47.329730
2026-04-01 13:00:47,330 [raptor.main] INFO: ============================================================
2026-04-01 13:00:47,331 [raptor.data_feeds] INFO: DataManager initialized with all feeds
2026-04-01 13:00:48,699 [raptor.main] INFO: Account: equity=$103848.47  cash=$88259.42  positions=4
2026-04-01 13:00:48,703 [raptor.universe] INFO: Universe from cache: 136 symbols
2026-04-01 13:00:48,704 [raptor.main] INFO: Dynamic universe: 136 symbols
2026-04-01 13:00:57,686 [raptor.data_feeds] INFO: Fetched bars for 136 / 136 symbols
2026-04-01 13:00:57,743 [raptor.data_feeds] INFO: FRED regime: BEARISH (score=-0.200)
2026-04-01 13:01:01,033 [raptor.main] INFO: Data: 136 symbols | Macro: BEARISH (-0.200) | Sentiment: 136 symbols
2026-04-01 13:01:05,658 [raptor.signals] INFO: Signals: 1 from 136 syms (regime=BEARISH)
2026-04-01 13:01:05,660 [raptor.signals] INFO: Composite: mean=-0.0026 std=0.2008 max=0.4966
2026-04-01 13:01:05,661 [raptor.main] INFO: No signals today. Patience.
2026-04-01 13:02:05,669 [raptor.main] INFO: ============================================================
2026-04-01 13:02:05,670 [raptor.main] INFO: RAPTOR v5.2.0 DAILY SCAN — 2026-04-01T13:02:05.669999
2026-04-01 13:02:05,670 [raptor.main] INFO: ============================================================
2026-04-01 13:02:05,672 [raptor.data_feeds] INFO: DataManager initialized with all feeds
2026-04-01 13:02:06,936 [raptor.main] INFO: Account: equity=$103853.96  cash=$88259.42  positions=4
2026-04-01 13:02:06,939 [raptor.universe] INFO: Universe from cache: 136 symbols
2026-04-01 13:02:06,940 [raptor.main] INFO: Dynamic universe: 136 symbols
2026-04-01 13:02:13,227 [raptor.data_feeds] INFO: Fetched bars for 136 / 136 symbols
2026-04-01 13:02:13,271 [raptor.data_feeds] INFO: FRED regime: BEARISH (score=-0.200)
2026-04-01 13:02:16,577 [raptor.main] INFO: Data: 136 symbols | Macro: BEARISH (-0.200) | Sentiment: 136 symbols
2026-04-01 13:02:21,198 [raptor.signals] INFO: Signals: 1 from 136 syms (regime=BEARISH)
2026-04-01 13:02:21,199 [raptor.signals] INFO: Composite: mean=-0.0031 std=0.2011 max=0.5033
2026-04-01 13:02:21,200 [raptor.main] INFO: No signals today. Patience.
2026-04-01 13:03:21,208 [raptor.main] INFO: ============================================================
2026-04-01 13:03:21,209 [raptor.main] INFO: RAPTOR v5.2.0 DAILY SCAN — 2026-04-01T13:03:21.209806
2026-04-01 13:03:21,210 [raptor.main] INFO: ============================================================
2026-04-01 13:03:21,213 [raptor.data_feeds] INFO: DataManager initialized with all feeds
2026-04-01 13:03:22,511 [raptor.main] INFO: Account: equity=$103843.73  cash=$88259.42  positions=4
2026-04-01 13:03:22,516 [raptor.universe] INFO: Universe from cache: 136 symbols
2026-04-01 13:03:22,530 [raptor.main] INFO: Dynamic universe: 136 symbols
2026-04-01 13:03:27,736 [raptor.data_feeds] INFO: Fetched bars for 136 / 136 symbols
2026-04-01 13:03:27,798 [raptor.data_feeds] INFO: FRED regime: BEARISH (score=-0.200)
2026-04-01 13:03:31,027 [raptor.main] INFO: Data: 136 symbols | Macro: BEARISH (-0.200) | Sentiment: 136 symbols
2026-04-01 13:03:35,814 [raptor.signals] INFO: Signals: 1 from 136 syms (regime=BEARISH)
2026-04-01 13:03:35,815 [raptor.signals] INFO: Composite: mean=-0.0017 std=0.2011 max=0.5082
2026-04-01 13:03:35,816 [raptor.main] INFO: No signals today. Patience.
2026-04-01 13:04:35,823 [raptor.main] INFO: ============================================================
2026-04-01 13:04:35,824 [raptor.main] INFO: RAPTOR v5.2.0 DAILY SCAN — 2026-04-01T13:04:35.824732
2026-04-01 13:04:35,825 [raptor.main] INFO: ============================================================
2026-04-01 13:04:35,828 [raptor.data_feeds] INFO: DataManager initialized with all feeds
2026-04-01 13:04:37,163 [raptor.main] INFO: Account: equity=$103857.50  cash=$88259.42  positions=4
2026-04-01 13:04:37,166 [raptor.universe] INFO: Universe from cache: 136 symbols
2026-04-01 13:04:37,166 [raptor.main] INFO: Dynamic universe: 136 symbols
2026-04-01 13:04:41,540 [raptor.data_feeds] INFO: Fetched bars for 136 / 136 symbols
2026-04-01 13:04:41,599 [raptor.data_feeds] INFO: FRED regime: BEARISH (score=-0.200)
2026-04-01 13:04:44,755 [raptor.main] INFO: Data: 136 symbols | Macro: BEARISH (-0.200) | Sentiment: 136 symbols
2026-04-01 13:04:49,293 [raptor.signals] INFO: Signals: 1 from 136 syms (regime=BEARISH)
2026-04-01 13:04:49,294 [raptor.signals] INFO: Composite: mean=-0.0025 std=0.2006 max=0.5061
2026-04-01 13:04:49,295 [raptor.main] INFO: No signals today. Patience.
2026-04-01 13:05:49,302 [raptor.main] INFO: ============================================================
2026-04-01 13:05:49,302 [raptor.main] INFO: RAPTOR v5.2.0 DAILY SCAN — 2026-04-01T13:05:49.302845
2026-04-01 13:05:49,303 [raptor.main] INFO: ============================================================
2026-04-01 13:05:49,304 [raptor.data_feeds] INFO: DataManager initialized with all feeds
2026-04-01 13:05:50,588 [raptor.main] INFO: Account: equity=$103857.67  cash=$88259.42  positions=4
2026-04-01 13:05:50,592 [raptor.universe] INFO: Universe from cache: 136 symbols
2026-04-01 13:05:50,593 [raptor.main] INFO: Dynamic universe: 136 symbols
2026-04-01 13:05:56,812 [raptor.data_feeds] INFO: Fetched bars for 136 / 136 symbols
2026-04-01 13:05:56,868 [raptor.data_feeds] INFO: FRED regime: BEARISH (score=-0.200)
2026-04-01 13:06:00,341 [raptor.main] INFO: Data: 136 symbols | Macro: BEARISH (-0.200) | Sentiment: 136 symbols
2026-04-01 13:06:04,922 [raptor.signals] INFO: Signals: 1 from 136 syms (regime=BEARISH)
2026-04-01 13:06:04,922 [raptor.signals] INFO: Composite: mean=-0.0018 std=0.2010 max=0.5071
2026-04-01 13:06:04,923 [raptor.main] INFO: No signals today. Patience.
2026-04-01 13:07:04,932 [raptor.main] INFO: ============================================================
2026-04-01 13:07:04,933 [raptor.main] INFO: RAPTOR v5.2.0 DAILY SCAN — 2026-04-01T13:07:04.933168
2026-04-01 13:07:04,933 [raptor.main] INFO: ============================================================
2026-04-01 13:07:04,935 [raptor.data_feeds] INFO: DataManager initialized with all feeds
2026-04-01 13:07:06,162 [raptor.main] INFO: Account: equity=$103853.31  cash=$88259.42  positions=4
2026-04-01 13:07:06,166 [raptor.universe] INFO: Universe from cache: 136 symbols
2026-04-01 13:07:06,166 [raptor.main] INFO: Dynamic universe: 136 symbols
2026-04-01 13:07:12,797 [raptor.data_feeds] INFO: Fetched bars for 136 / 136 symbols
2026-04-01 13:07:12,862 [raptor.data_feeds] INFO: FRED regime: BEARISH (score=-0.200)
2026-04-01 13:07:16,624 [raptor.main] INFO: Data: 136 symbols | Macro: BEARISH (-0.200) | Sentiment: 136 symbols
2026-04-01 13:07:21,311 [raptor.signals] INFO: Signals: 1 from 136 syms (regime=BEARISH)
2026-04-01 13:07:21,313 [raptor.signals] INFO: Composite: mean=-0.0015 std=0.2007 max=0.5055
2026-04-01 13:07:21,314 [raptor.main] INFO: No signals today. Patience.
2026-04-01 13:08:21,321 [raptor.main] INFO: ============================================================
2026-04-01 13:08:21,322 [raptor.main] INFO: RAPTOR v5.2.0 DAILY SCAN — 2026-04-01T13:08:21.322617
2026-04-01 13:08:21,323 [raptor.main] INFO: ============================================================
2026-04-01 13:08:21,327 [raptor.data_feeds] INFO: DataManager initialized with all feeds
2026-04-01 13:08:22,658 [raptor.main] INFO: Account: equity=$103853.98  cash=$88259.42  positions=4
2026-04-01 13:08:22,661 [raptor.universe] INFO: Universe from cache: 136 symbols
2026-04-01 13:08:22,662 [raptor.main] INFO: Dynamic universe: 136 symbols
2026-04-01 13:08:28,249 [raptor.data_feeds] INFO: Fetched bars for 136 / 136 symbols
2026-04-01 13:08:28,297 [raptor.data_feeds] INFO: FRED regime: BEARISH (score=-0.200)
2026-04-01 13:08:31,888 [raptor.main] INFO: Data: 136 symbols | Macro: BEARISH (-0.200) | Sentiment: 136 symbols
2026-04-01 13:08:36,515 [raptor.signals] INFO: Signals: 1 from 136 syms (regime=BEARISH)
2026-04-01 13:08:36,516 [raptor.signals] INFO: Composite: mean=-0.0009 std=0.2003 max=0.5062
2026-04-01 13:08:36,517 [raptor.main] INFO: No signals today. Patience.
2026-04-01 13:09:36,525 [raptor.main] INFO: ============================================================
2026-04-01 13:09:36,526 [raptor.main] INFO: RAPTOR v5.2.0 DAILY SCAN — 2026-04-01T13:09:36.526754
2026-04-01 13:09:36,527 [raptor.main] INFO: ============================================================
2026-04-01 13:09:36,529 [raptor.data_feeds] INFO: DataManager initialized with all feeds
2026-04-01 13:09:37,823 [raptor.main] INFO: Account: equity=$103845.95  cash=$88259.42  positions=4
2026-04-01 13:09:37,827 [raptor.universe] INFO: Universe from cache: 136 symbols
2026-04-01 13:09:37,827 [raptor.main] INFO: Dynamic universe: 136 symbols
2026-04-01 13:09:44,209 [raptor.data_feeds] INFO: Fetched bars for 136 / 136 symbols
2026-04-01 13:09:44,262 [raptor.data_feeds] INFO: FRED regime: BEARISH (score=-0.200)
2026-04-01 13:09:47,669 [raptor.main] INFO: Data: 136 symbols | Macro: BEARISH (-0.200) | Sentiment: 136 symbols
2026-04-01 13:09:52,511 [raptor.signals] INFO: Signals: 1 from 136 syms (regime=BEARISH)
2026-04-01 13:09:52,512 [raptor.signals] INFO: Composite: mean=-0.0025 std=0.2015 max=0.5117
2026-04-01 13:09:52,513 [raptor.main] INFO: No signals today. Patience.
2026-04-01 13:10:52,519 [raptor.main] INFO: ============================================================
2026-04-01 13:10:52,520 [raptor.main] INFO: RAPTOR v5.2.0 DAILY SCAN — 2026-04-01T13:10:52.520689
2026-04-01 13:10:52,521 [raptor.main] INFO: ============================================================
2026-04-01 13:10:52,522 [raptor.data_feeds] INFO: DataManager initialized with all feeds
2026-04-01 13:10:53,705 [raptor.main] INFO: Account: equity=$103852.66  cash=$88259.42  positions=4
2026-04-01 13:10:53,709 [raptor.universe] INFO: Universe from cache: 136 symbols
2026-04-01 13:10:53,710 [raptor.main] INFO: Dynamic universe: 136 symbols
2026-04-01 13:11:00,612 [raptor.data_feeds] INFO: Fetched bars for 136 / 136 symbols
2026-04-01 13:11:00,660 [raptor.data_feeds] INFO: FRED regime: BEARISH (score=-0.200)
2026-04-01 13:11:04,074 [raptor.main] INFO: Data: 136 symbols | Macro: BEARISH (-0.200) | Sentiment: 136 symbols
2026-04-01 13:11:08,702 [raptor.signals] INFO: Signals: 1 from 136 syms (regime=BEARISH)
2026-04-01 13:11:08,704 [raptor.signals] INFO: Composite: mean=-0.0024 std=0.2017 max=0.5103
2026-04-01 13:11:08,705 [raptor.main] INFO: No signals today. Patience.
2026-04-01 13:12:08,729 [raptor.main] INFO: ============================================================
2026-04-01 13:12:08,731 [raptor.main] INFO: RAPTOR v5.2.0 DAILY SCAN — 2026-04-01T13:12:08.731913
2026-04-01 13:12:08,732 [raptor.main] INFO: ============================================================
2026-04-01 13:12:08,742 [raptor.data_feeds] INFO: DataManager initialized with all feeds
2026-04-01 13:12:11,537 [raptor.main] INFO: Account: equity=$103847.96  cash=$88259.42  positions=4
2026-04-01 13:12:11,540 [raptor.universe] INFO: Universe from cache: 136 symbols
2026-04-01 13:12:11,541 [raptor.main] INFO: Dynamic universe: 136 symbols
2026-04-01 13:12:19,215 [raptor.data_feeds] INFO: Fetched bars for 136 / 136 symbols
2026-04-01 13:12:19,267 [raptor.data_feeds] INFO: FRED regime: BEARISH (score=-0.200)
2026-04-01 13:12:23,131 [raptor.main] INFO: Data: 136 symbols | Macro: BEARISH (-0.200) | Sentiment: 136 symbols
2026-04-01 13:12:27,864 [raptor.signals] INFO: Signals: 1 from 136 syms (regime=BEARISH)
2026-04-01 13:12:27,865 [raptor.signals] INFO: Composite: mean=-0.0010 std=0.1998 max=0.5115
2026-04-01 13:12:27,866 [raptor.main] INFO: No signals today. Patience.
2026-04-01 13:13:27,873 [raptor.main] INFO: ============================================================
2026-04-01 13:13:27,874 [raptor.main] INFO: RAPTOR v5.2.0 DAILY SCAN — 2026-04-01T13:13:27.874442
2026-04-01 13:13:27,875 [raptor.main] INFO: ============================================================
2026-04-01 13:13:27,876 [raptor.data_feeds] INFO: DataManager initialized with all feeds
2026-04-01 13:14:28,350 [raptor.main] INFO: ============================================================
2026-04-01 13:14:28,351 [raptor.main] INFO: RAPTOR v5.2.0 DAILY SCAN — 2026-04-01T13:14:28.351528
2026-04-01 13:14:28,351 [raptor.main] INFO: ============================================================
2026-04-01 13:14:28,353 [raptor.data_feeds] INFO: DataManager initialized with all feeds
2026-04-01 13:15:28,381 [raptor.main] INFO: ============================================================
2026-04-01 13:15:28,381 [raptor.main] INFO: RAPTOR v5.2.0 DAILY SCAN — 2026-04-01T13:15:28.381769
2026-04-01 13:15:28,382 [raptor.main] INFO: ============================================================
2026-04-01 13:15:28,383 [raptor.data_feeds] INFO: DataManager initialized with all feeds
2026-04-01 13:16:28,413 [raptor.main] INFO: ============================================================
2026-04-01 13:16:28,413 [raptor.main] INFO: RAPTOR v5.2.0 DAILY SCAN — 2026-04-01T13:16:28.413756
2026-04-01 13:16:28,414 [raptor.main] INFO: ============================================================
2026-04-01 13:16:28,415 [raptor.data_feeds] INFO: DataManager initialized with all feeds
2026-04-01 13:17:28,461 [raptor.main] INFO: ============================================================
2026-04-01 13:17:28,462 [raptor.main] INFO: RAPTOR v5.2.0 DAILY SCAN — 2026-04-01T13:17:28.462256
2026-04-01 13:17:28,462 [raptor.main] INFO: ============================================================
2026-04-01 13:17:28,465 [raptor.data_feeds] INFO: DataManager initialized with all feeds
2026-04-01 13:18:28,502 [raptor.main] INFO: ============================================================
2026-04-01 13:18:28,503 [raptor.main] INFO: RAPTOR v5.2.0 DAILY SCAN — 2026-04-01T13:18:28.503571
2026-04-01 13:18:28,504 [raptor.main] INFO: ============================================================
2026-04-01 13:18:28,522 [raptor.data_feeds] INFO: DataManager initialized with all feeds
2026-04-01 13:19:28,575 [raptor.main] INFO: ============================================================
2026-04-01 13:19:28,576 [raptor.main] INFO: RAPTOR v5.2.0 DAILY SCAN — 2026-04-01T13:19:28.576308
2026-04-01 13:19:28,576 [raptor.main] INFO: ============================================================
2026-04-01 13:19:28,579 [raptor.data_feeds] INFO: DataManager initialized with all feeds
2026-04-01 13:20:28,622 [raptor.main] INFO: ============================================================
2026-04-01 13:20:28,623 [raptor.main] INFO: RAPTOR v5.2.0 DAILY SCAN — 2026-04-01T13:20:28.623827
2026-04-01 13:20:28,624 [raptor.main] INFO: ============================================================
2026-04-01 13:20:28,626 [raptor.data_feeds] INFO: DataManager initialized with all feeds
2026-04-01 13:21:29,796 [raptor.main] INFO: ============================================================
2026-04-01 13:21:29,796 [raptor.main] INFO: RAPTOR v5.2.0 DAILY SCAN — 2026-04-01T13:21:29.796767
2026-04-01 13:21:29,797 [raptor.main] INFO: ============================================================
2026-04-01 13:21:29,798 [raptor.data_feeds] INFO: DataManager initialized with all feeds
2026-04-01 13:22:29,831 [raptor.main] INFO: ============================================================
2026-04-01 13:22:29,832 [raptor.main] INFO: RAPTOR v5.2.0 DAILY SCAN — 2026-04-01T13:22:29.832688
2026-04-01 13:22:29,833 [raptor.main] INFO: ============================================================
2026-04-01 13:22:29,836 [raptor.data_feeds] INFO: DataManager initialized with all feeds
2026-04-01 13:23:29,874 [raptor.main] INFO: ============================================================
2026-04-01 13:23:29,875 [raptor.main] INFO: RAPTOR v5.2.0 DAILY SCAN — 2026-04-01T13:23:29.875546
2026-04-01 13:23:29,875 [raptor.main] INFO: ============================================================
2026-04-01 13:23:29,877 [raptor.data_feeds] INFO: DataManager initialized with all feeds
2026-04-01 13:24:29,910 [raptor.main] INFO: ============================================================
2026-04-01 13:24:29,913 [raptor.main] INFO: RAPTOR v5.2.0 DAILY SCAN — 2026-04-01T13:24:29.913490
2026-04-01 13:24:29,914 [raptor.main] INFO: ============================================================
2026-04-01 13:24:29,921 [raptor.data_feeds] INFO: DataManager initialized with all feeds
2026-04-01 13:25:29,963 [raptor.main] INFO: ============================================================
2026-04-01 13:25:29,964 [raptor.main] INFO: RAPTOR v5.2.0 DAILY SCAN — 2026-04-01T13:25:29.964101
2026-04-01 13:25:29,964 [raptor.main] INFO: ============================================================
2026-04-01 13:25:29,966 [raptor.data_feeds] INFO: DataManager initialized with all feeds
2026-04-01 13:26:30,003 [raptor.main] INFO: ============================================================
2026-04-01 13:26:30,003 [raptor.main] INFO: RAPTOR v5.2.0 DAILY SCAN — 2026-04-01T13:26:30.003725
2026-04-01 13:26:30,004 [raptor.main] INFO: ============================================================
2026-04-01 13:26:30,006 [raptor.data_feeds] INFO: DataManager initialized with all feeds
2026-04-01 13:27:30,045 [raptor.main] INFO: ============================================================
2026-04-01 13:27:30,046 [raptor.main] INFO: RAPTOR v5.2.0 DAILY SCAN — 2026-04-01T13:27:30.046579
2026-04-01 13:27:30,047 [raptor.main] INFO: ============================================================
2026-04-01 13:27:30,049 [raptor.data_feeds] INFO: DataManager initialized with all feeds
2026-04-01 13:28:30,099 [raptor.main] INFO: ============================================================
2026-04-01 13:28:30,100 [raptor.main] INFO: RAPTOR v5.2.0 DAILY SCAN — 2026-04-01T13:28:30.100850
2026-04-01 13:28:30,101 [raptor.main] INFO: ============================================================
2026-04-01 13:28:30,103 [raptor.data_feeds] INFO: DataManager initialized with all feeds
2026-04-01 13:29:30,172 [raptor.main] INFO: ============================================================
2026-04-01 13:29:30,173 [raptor.main] INFO: RAPTOR v5.2.0 DAILY SCAN — 2026-04-01T13:29:30.173049
2026-04-01 13:29:30,173 [raptor.main] INFO: ============================================================
2026-04-01 13:29:30,174 [raptor.data_feeds] INFO: DataManager initialized with all feeds
2026-04-01 13:30:30,208 [raptor.main] INFO: ============================================================
2026-04-01 13:30:30,209 [raptor.main] INFO: RAPTOR v5.2.0 DAILY SCAN — 2026-04-01T13:30:30.209067
2026-04-01 13:30:30,209 [raptor.main] INFO: ============================================================
2026-04-01 13:30:30,211 [raptor.data_feeds] INFO: DataManager initialized with all feeds
2026-04-01 13:31:30,240 [raptor.main] INFO: ============================================================
2026-04-01 13:31:30,240 [raptor.main] INFO: RAPTOR v5.2.0 DAILY SCAN — 2026-04-01T13:31:30.240951
2026-04-01 13:31:30,241 [raptor.main] INFO: ============================================================
2026-04-01 13:31:30,242 [raptor.data_feeds] INFO: DataManager initialized with all feeds
2026-04-01 13:32:30,272 [raptor.main] INFO: ============================================================
2026-04-01 13:32:30,272 [raptor.main] INFO: RAPTOR v5.2.0 DAILY SCAN — 2026-04-01T13:32:30.272844
2026-04-01 13:32:30,273 [raptor.main] INFO: ============================================================
2026-04-01 13:32:30,274 [raptor.data_feeds] INFO: DataManager initialized with all feeds
2026-04-01 13:33:30,304 [raptor.main] INFO: ============================================================
2026-04-01 13:33:30,306 [raptor.main] INFO: RAPTOR v5.2.0 DAILY SCAN — 2026-04-01T13:33:30.306595
2026-04-01 13:33:30,307 [raptor.main] INFO: ============================================================
2026-04-01 13:33:30,308 [raptor.data_feeds] INFO: DataManager initialized with all feeds
2026-04-01 13:34:30,368 [raptor.main] INFO: ============================================================
2026-04-01 13:34:30,369 [raptor.main] INFO: RAPTOR v5.2.0 DAILY SCAN — 2026-04-01T13:34:30.369439
2026-04-01 13:34:30,371 [raptor.main] INFO: ============================================================
2026-04-01 13:34:30,372 [raptor.data_feeds] INFO: DataManager initialized with all feeds
2026-04-01 13:35:30,423 [raptor.main] INFO: ============================================================
2026-04-01 13:35:30,424 [raptor.main] INFO: RAPTOR v5.2.0 DAILY SCAN — 2026-04-01T13:35:30.423604
2026-04-01 13:35:30,425 [raptor.main] INFO: ============================================================
2026-04-01 13:35:30,426 [raptor.data_feeds] INFO: DataManager initialized with all feeds
2026-04-01 13:36:30,466 [raptor.main] INFO: ============================================================
2026-04-01 13:36:30,468 [raptor.main] INFO: RAPTOR v5.2.0 DAILY SCAN — 2026-04-01T13:36:30.468352
2026-04-01 13:36:30,470 [raptor.main] INFO: ============================================================
2026-04-01 13:36:30,472 [raptor.data_feeds] INFO: DataManager initialized with all feeds
2026-04-01 13:36:32,570 [raptor.main] INFO: Account: equity=$103831.09  cash=$88259.42  positions=4
2026-04-01 13:36:32,574 [raptor.universe] INFO: Universe from cache: 136 symbols
2026-04-01 13:36:32,575 [raptor.main] INFO: Dynamic universe: 136 symbols
2026-04-01 13:36:46,062 [raptor.data_feeds] INFO: Fetched bars for 136 / 136 symbols
2026-04-01 13:36:47,433 [raptor.data_feeds] INFO: FRED fetch OK: T10Y2Y (748 observations)
2026-04-01 13:36:48,571 [raptor.data_feeds] INFO: FRED fetch OK: FEDFUNDS (35 observations)
2026-04-01 13:36:49,730 [raptor.data_feeds] INFO: FRED fetch OK: ICSA (155 observations)
2026-04-01 13:36:50,934 [raptor.data_feeds] INFO: FRED fetch OK: VIXCLS (773 observations)
2026-04-01 13:36:52,134 [raptor.data_feeds] INFO: FRED fetch OK: CPIAUCSL (34 observations)
2026-04-01 13:36:53,261 [raptor.data_feeds] INFO: FRED fetch OK: MANEMP (35 observations)
2026-04-01 13:36:54,383 [raptor.data_feeds] INFO: FRED fetch OK: M2SL (35 observations)
2026-04-01 13:36:55,426 [raptor.data_feeds] INFO: FRED fetch OK: RSXFS (35 observations)
2026-04-01 13:36:56,493 [raptor.data_feeds] INFO: FRED fetch OK: UNRATE (34 observations)
2026-04-01 13:36:56,498 [raptor.data_feeds] INFO: FRED regime: NEUTRAL (score=-0.100)
2026-04-01 13:36:59,847 [raptor.main] INFO: Data: 136 symbols | Macro: NEUTRAL (-0.100) | Sentiment: 136 symbols
2026-04-01 13:37:04,662 [raptor.signals] INFO: Signals: 1 from 136 syms (regime=NEUTRAL)
2026-04-01 13:37:04,664 [raptor.signals] INFO: Composite: mean=-0.0092 std=0.2128 max=0.7069
2026-04-01 13:37:04,666 [raptor.main] INFO: No signals today. Patience.
2026-04-01 13:38:04,673 [raptor.main] INFO: ============================================================
2026-04-01 13:38:04,675 [raptor.main] INFO: RAPTOR v5.2.0 DAILY SCAN — 2026-04-01T13:38:04.675250
2026-04-01 13:38:04,676 [raptor.main] INFO: ============================================================
2026-04-01 13:38:04,679 [raptor.data_feeds] INFO: DataManager initialized with all feeds
2026-04-01 13:38:05,861 [raptor.main] INFO: Account: equity=$103816.76  cash=$88259.42  positions=4
2026-04-01 13:38:05,864 [raptor.universe] INFO: Universe from cache: 136 symbols
2026-04-01 13:38:05,866 [raptor.main] INFO: Dynamic universe: 136 symbols
2026-04-01 13:38:17,918 [raptor.data_feeds] INFO: Fetched bars for 136 / 136 symbols
2026-04-01 13:38:18,034 [raptor.data_feeds] INFO: FRED regime: NEUTRAL (score=-0.100)
2026-04-01 13:38:21,147 [raptor.main] INFO: Data: 136 symbols | Macro: NEUTRAL (-0.100) | Sentiment: 136 symbols
2026-04-01 13:38:26,864 [raptor.signals] INFO: Signals: 1 from 136 syms (regime=NEUTRAL)
2026-04-01 13:38:26,865 [raptor.signals] INFO: Composite: mean=-0.0056 std=0.2104 max=0.5495
2026-04-01 13:38:26,866 [raptor.main] INFO: No signals today. Patience.
2026-04-01 13:39:26,875 [raptor.main] INFO: ============================================================
2026-04-01 13:39:26,875 [raptor.main] INFO: RAPTOR v5.2.0 DAILY SCAN — 2026-04-01T13:39:26.875899
2026-04-01 13:39:26,876 [raptor.main] INFO: ============================================================
2026-04-01 13:39:26,884 [raptor.data_feeds] INFO: DataManager initialized with all feeds
2026-04-01 13:39:27,888 [raptor.main] INFO: Account: equity=$103820.43  cash=$88259.42  positions=4
2026-04-01 13:39:27,899 [raptor.universe] INFO: Universe from cache: 136 symbols
2026-04-01 13:39:27,899 [raptor.main] INFO: Dynamic universe: 136 symbols
2026-04-01 13:39:38,393 [raptor.data_feeds] INFO: Fetched bars for 136 / 136 symbols
2026-04-01 13:39:38,437 [raptor.data_feeds] INFO: FRED regime: NEUTRAL (score=-0.100)
2026-04-01 13:39:41,825 [raptor.main] INFO: Data: 136 symbols | Macro: NEUTRAL (-0.100) | Sentiment: 136 symbols
2026-04-01 13:39:46,842 [raptor.signals] INFO: Signals: 1 from 136 syms (regime=NEUTRAL)
2026-04-01 13:39:46,842 [raptor.signals] INFO: Composite: mean=-0.0057 std=0.2106 max=0.5573
2026-04-01 13:39:46,843 [raptor.main] INFO: No signals today. Patience.
2026-04-01 13:40:46,850 [raptor.main] INFO: ============================================================
2026-04-01 13:40:46,850 [raptor.main] INFO: RAPTOR v5.2.0 DAILY SCAN — 2026-04-01T13:40:46.850748
2026-04-01 13:40:46,851 [raptor.main] INFO: ============================================================
2026-04-01 13:40:46,852 [raptor.data_feeds] INFO: DataManager initialized with all feeds
2026-04-01 13:40:47,558 [raptor.main] INFO: Account: equity=$103813.90  cash=$88259.42  positions=4
2026-04-01 13:40:47,560 [raptor.universe] INFO: Universe from cache: 136 symbols
2026-04-01 13:40:47,560 [raptor.main] INFO: Dynamic universe: 136 symbols
2026-04-01 13:40:56,447 [raptor.data_feeds] INFO: Fetched bars for 136 / 136 symbols
2026-04-01 13:40:56,474 [raptor.data_feeds] INFO: FRED regime: NEUTRAL (score=-0.100)
2026-04-01 13:40:58,505 [raptor.main] INFO: Data: 136 symbols | Macro: NEUTRAL (-0.100) | Sentiment: 136 symbols
2026-04-01 13:41:01,503 [raptor.signals] INFO: Signals: 1 from 136 syms (regime=NEUTRAL)
2026-04-01 13:41:01,503 [raptor.signals] INFO: Composite: mean=-0.0057 std=0.2106 max=0.5578
2026-04-01 13:41:01,504 [raptor.main] INFO: No signals today. Patience.
2026-04-01 13:42:01,511 [raptor.main] INFO: ============================================================
2026-04-01 13:42:01,511 [raptor.main] INFO: RAPTOR v5.2.0 DAILY SCAN — 2026-04-01T13:42:01.511537
2026-04-01 13:42:01,512 [raptor.main] INFO: ============================================================
2026-04-01 13:42:01,513 [raptor.data_feeds] INFO: DataManager initialized with all feeds
2026-04-01 13:42:02,020 [raptor.main] INFO: Account: equity=$103813.56  cash=$88259.42  positions=4
2026-04-01 13:42:02,022 [raptor.universe] INFO: Universe from cache: 136 symbols
2026-04-01 13:42:02,022 [raptor.main] INFO: Dynamic universe: 136 symbols
2026-04-01 13:42:12,565 [raptor.data_feeds] INFO: Fetched bars for 136 / 136 symbols
2026-04-01 13:42:12,592 [raptor.data_feeds] INFO: FRED regime: NEUTRAL (score=-0.100)
2026-04-01 13:42:15,153 [raptor.main] INFO: Data: 136 symbols | Macro: NEUTRAL (-0.100) | Sentiment: 136 symbols
2026-04-01 13:42:17,807 [raptor.signals] INFO: Signals: 1 from 136 syms (regime=NEUTRAL)
2026-04-01 13:42:17,808 [raptor.signals] INFO: Composite: mean=-0.0046 std=0.2100 max=0.5094
2026-04-01 13:42:17,808 [raptor.main] INFO: No signals today. Patience.
2026-04-01 13:43:17,814 [raptor.main] INFO: ============================================================
2026-04-01 13:43:17,814 [raptor.main] INFO: RAPTOR v5.2.0 DAILY SCAN — 2026-04-01T13:43:17.814709
2026-04-01 13:43:17,815 [raptor.main] INFO: ============================================================
2026-04-01 13:43:17,816 [raptor.data_feeds] INFO: DataManager initialized with all feeds
2026-04-01 13:43:18,503 [raptor.main] INFO: Account: equity=$103829.19  cash=$88259.42  positions=4
2026-04-01 13:43:18,505 [raptor.universe] INFO: Universe from cache: 136 symbols
2026-04-01 13:43:18,505 [raptor.main] INFO: Dynamic universe: 136 symbols
2026-04-01 13:43:26,965 [raptor.data_feeds] INFO: Fetched bars for 136 / 136 symbols
2026-04-01 13:43:26,991 [raptor.data_feeds] INFO: FRED regime: NEUTRAL (score=-0.100)
2026-04-01 13:43:28,475 [raptor.main] INFO: Data: 136 symbols | Macro: NEUTRAL (-0.100) | Sentiment: 136 symbols
2026-04-01 13:43:31,180 [raptor.signals] INFO: Signals: 1 from 136 syms (regime=NEUTRAL)
2026-04-01 13:43:31,181 [raptor.signals] INFO: Composite: mean=-0.0045 std=0.2099 max=0.4936
2026-04-01 13:43:31,182 [raptor.main] INFO: No signals today. Patience.
2026-04-01 13:44:31,187 [raptor.main] INFO: ============================================================
2026-04-01 13:44:31,188 [raptor.main] INFO: RAPTOR v5.2.0 DAILY SCAN — 2026-04-01T13:44:31.188518
2026-04-01 13:44:31,189 [raptor.main] INFO: ============================================================
2026-04-01 13:44:31,190 [raptor.data_feeds] INFO: DataManager initialized with all feeds
2026-04-01 13:44:31,887 [raptor.main] INFO: Account: equity=$103819.03  cash=$88259.42  positions=4
2026-04-01 13:44:31,889 [raptor.universe] INFO: Universe from cache: 136 symbols
2026-04-01 13:44:31,890 [raptor.main] INFO: Dynamic universe: 136 symbols
2026-04-01 13:44:40,622 [raptor.data_feeds] INFO: Fetched bars for 136 / 136 symbols
2026-04-01 13:44:40,650 [raptor.data_feeds] INFO: FRED regime: NEUTRAL (score=-0.100)
2026-04-01 13:44:42,087 [raptor.main] INFO: Data: 136 symbols | Macro: NEUTRAL (-0.100) | Sentiment: 136 symbols
2026-04-01 13:44:44,761 [raptor.signals] INFO: Signals: 1 from 136 syms (regime=NEUTRAL)
2026-04-01 13:44:44,762 [raptor.signals] INFO: Composite: mean=-0.0045 std=0.2099 max=0.5000
2026-04-01 13:44:44,763 [raptor.main] INFO: No signals today. Patience.
2026-04-01 13:45:44,768 [raptor.main] INFO: ============================================================
2026-04-01 13:45:44,768 [raptor.main] INFO: RAPTOR v5.2.0 DAILY SCAN — 2026-04-01T13:45:44.768806
2026-04-01 13:45:44,769 [raptor.main] INFO: ============================================================
2026-04-01 13:45:44,770 [raptor.data_feeds] INFO: DataManager initialized with all feeds
2026-04-01 13:45:45,454 [raptor.main] INFO: Account: equity=$103812.54  cash=$88259.42  positions=4
2026-04-01 13:45:45,456 [raptor.universe] INFO: Universe from cache: 136 symbols
2026-04-01 13:45:45,456 [raptor.main] INFO: Dynamic universe: 136 symbols
2026-04-01 13:45:54,716 [raptor.data_feeds] INFO: Fetched bars for 136 / 136 symbols
2026-04-01 13:45:54,744 [raptor.data_feeds] INFO: FRED regime: NEUTRAL (score=-0.100)
2026-04-01 13:45:56,861 [raptor.main] INFO: Data: 136 symbols | Macro: NEUTRAL (-0.100) | Sentiment: 136 symbols
2026-04-01 13:45:59,506 [raptor.signals] INFO: Signals: 1 from 136 syms (regime=NEUTRAL)
2026-04-01 13:45:59,507 [raptor.signals] INFO: Composite: mean=-0.0046 std=0.2098 max=0.5016
2026-04-01 13:45:59,507 [raptor.main] INFO: No signals today. Patience.
2026-04-01 13:46:59,513 [raptor.main] INFO: ============================================================
2026-04-01 13:46:59,513 [raptor.main] INFO: RAPTOR v5.2.0 DAILY SCAN — 2026-04-01T13:46:59.513624
2026-04-01 13:46:59,513 [raptor.main] INFO: ============================================================
2026-04-01 13:46:59,515 [raptor.data_feeds] INFO: DataManager initialized with all feeds
2026-04-01 13:47:00,210 [raptor.main] INFO: Account: equity=$103819.19  cash=$88259.42  positions=4
2026-04-01 13:47:00,212 [raptor.universe] INFO: Universe from cache: 136 symbols
2026-04-01 13:47:00,212 [raptor.main] INFO: Dynamic universe: 136 symbols
2026-04-01 13:47:09,129 [raptor.data_feeds] INFO: Fetched bars for 136 / 136 symbols
2026-04-01 13:47:09,155 [raptor.data_feeds] INFO: FRED regime: NEUTRAL (score=-0.100)
2026-04-01 13:47:10,664 [raptor.main] INFO: Data: 136 symbols | Macro: NEUTRAL (-0.100) | Sentiment: 136 symbols
2026-04-01 13:47:13,338 [raptor.signals] INFO: Signals: 1 from 136 syms (regime=NEUTRAL)
2026-04-01 13:47:13,338 [raptor.signals] INFO: Composite: mean=-0.0056 std=0.2106 max=0.5525
2026-04-01 13:47:13,339 [raptor.main] INFO: No signals today. Patience.
2026-04-01 13:48:13,345 [raptor.main] INFO: ============================================================
2026-04-01 13:48:13,345 [raptor.main] INFO: RAPTOR v5.2.0 DAILY SCAN — 2026-04-01T13:48:13.345820
2026-04-01 13:48:13,346 [raptor.main] INFO: ============================================================
2026-04-01 13:48:13,347 [raptor.data_feeds] INFO: DataManager initialized with all feeds
2026-04-01 13:48:14,043 [raptor.main] INFO: Account: equity=$103813.84  cash=$88259.42  positions=4
2026-04-01 13:48:14,045 [raptor.universe] INFO: Universe from cache: 136 symbols
2026-04-01 13:48:14,045 [raptor.main] INFO: Dynamic universe: 136 symbols
2026-04-01 13:48:21,900 [raptor.data_feeds] INFO: Fetched bars for 136 / 136 symbols
2026-04-01 13:48:21,928 [raptor.data_feeds] INFO: FRED regime: NEUTRAL (score=-0.100)
2026-04-01 13:48:23,389 [raptor.main] INFO: Data: 136 symbols | Macro: NEUTRAL (-0.100) | Sentiment: 136 symbols
2026-04-01 13:48:25,926 [raptor.signals] INFO: Signals: 1 from 136 syms (regime=NEUTRAL)
2026-04-01 13:48:25,927 [raptor.signals] INFO: Composite: mean=-0.0073 std=0.2116 max=0.6220
2026-04-01 13:48:25,928 [raptor.main] INFO: No signals today. Patience.
2026-04-01 13:49:25,934 [raptor.main] INFO: ============================================================
2026-04-01 13:49:25,935 [raptor.main] INFO: RAPTOR v5.2.0 DAILY SCAN — 2026-04-01T13:49:25.935587
2026-04-01 13:49:25,935 [raptor.main] INFO: ============================================================
2026-04-01 13:49:25,937 [raptor.data_feeds] INFO: DataManager initialized with all feeds
2026-04-01 13:49:26,648 [raptor.main] INFO: Account: equity=$103817.76  cash=$88259.42  positions=4
2026-04-01 13:49:26,649 [raptor.universe] INFO: Universe from cache: 136 symbols
2026-04-01 13:49:26,650 [raptor.main] INFO: Dynamic universe: 136 symbols
2026-04-01 13:49:33,688 [raptor.data_feeds] INFO: Fetched bars for 136 / 136 symbols
2026-04-01 13:49:33,712 [raptor.data_feeds] INFO: FRED regime: NEUTRAL (score=-0.100)
2026-04-01 13:49:35,247 [raptor.main] INFO: Data: 136 symbols | Macro: NEUTRAL (-0.100) | Sentiment: 136 symbols
2026-04-01 13:49:37,779 [raptor.signals] INFO: Signals: 1 from 136 syms (regime=NEUTRAL)
2026-04-01 13:49:37,780 [raptor.signals] INFO: Composite: mean=-0.0067 std=0.2113 max=0.5966
2026-04-01 13:49:37,781 [raptor.main] INFO: No signals today. Patience.
2026-04-01 13:50:37,787 [raptor.main] INFO: ============================================================
2026-04-01 13:50:37,788 [raptor.main] INFO: RAPTOR v5.2.0 DAILY SCAN — 2026-04-01T13:50:37.788068
2026-04-01 13:50:37,788 [raptor.main] INFO: ============================================================
2026-04-01 13:50:37,789 [raptor.data_feeds] INFO: DataManager initialized with all feeds
2026-04-01 13:50:38,537 [raptor.main] INFO: Account: equity=$103808.80  cash=$88259.42  positions=4
2026-04-01 13:50:38,539 [raptor.universe] INFO: Universe from cache: 136 symbols
2026-04-01 13:50:38,539 [raptor.main] INFO: Dynamic universe: 136 symbols
2026-04-01 13:50:45,413 [raptor.data_feeds] INFO: Fetched bars for 136 / 136 symbols
2026-04-01 13:50:45,437 [raptor.data_feeds] INFO: FRED regime: NEUTRAL (score=-0.100)
2026-04-01 13:50:46,893 [raptor.main] INFO: Data: 136 symbols | Macro: NEUTRAL (-0.100) | Sentiment: 136 symbols
2026-04-01 13:50:49,540 [raptor.signals] INFO: Signals: 1 from 136 syms (regime=NEUTRAL)
2026-04-01 13:50:49,540 [raptor.signals] INFO: Composite: mean=-0.0059 std=0.2107 max=0.5626
2026-04-01 13:50:49,541 [raptor.main] INFO: No signals today. Patience.
2026-04-01 13:51:49,546 [raptor.main] INFO: ============================================================
2026-04-01 13:51:49,547 [raptor.main] INFO: RAPTOR v5.2.0 DAILY SCAN — 2026-04-01T13:51:49.547373
2026-04-01 13:51:49,547 [raptor.main] INFO: ============================================================
2026-04-01 13:51:49,548 [raptor.data_feeds] INFO: DataManager initialized with all feeds
2026-04-01 13:51:50,321 [raptor.main] INFO: Account: equity=$103806.43  cash=$88259.42  positions=4
2026-04-01 13:51:50,323 [raptor.universe] INFO: Universe from cache: 136 symbols
2026-04-01 13:51:50,324 [raptor.main] INFO: Dynamic universe: 136 symbols
2026-04-01 13:51:57,495 [raptor.data_feeds] INFO: Fetched bars for 136 / 136 symbols
2026-04-01 13:51:57,520 [raptor.data_feeds] INFO: FRED regime: NEUTRAL (score=-0.100)
2026-04-01 13:51:59,356 [raptor.main] INFO: Data: 136 symbols | Macro: NEUTRAL (-0.100) | Sentiment: 136 symbols
2026-04-01 13:52:01,916 [raptor.signals] INFO: Signals: 1 from 136 syms (regime=NEUTRAL)
2026-04-01 13:52:01,916 [raptor.signals] INFO: Composite: mean=-0.0064 std=0.2111 max=0.5864
2026-04-01 13:52:01,917 [raptor.main] INFO: No signals today. Patience.
2026-04-01 13:53:01,922 [raptor.main] INFO: ============================================================
2026-04-01 13:53:01,923 [raptor.main] INFO: RAPTOR v5.2.0 DAILY SCAN — 2026-04-01T13:53:01.923188
2026-04-01 13:53:01,923 [raptor.main] INFO: ============================================================
2026-04-01 13:53:01,924 [raptor.data_feeds] INFO: DataManager initialized with all feeds
2026-04-01 13:53:02,517 [raptor.main] INFO: Account: equity=$103805.53  cash=$88259.42  positions=4
2026-04-01 13:53:02,519 [raptor.universe] INFO: Universe from cache: 136 symbols
2026-04-01 13:53:02,520 [raptor.main] INFO: Dynamic universe: 136 symbols
2026-04-01 13:53:12,228 [raptor.data_feeds] INFO: Fetched bars for 136 / 136 symbols
2026-04-01 13:53:12,252 [raptor.data_feeds] INFO: FRED regime: NEUTRAL (score=-0.100)
2026-04-01 13:53:13,780 [raptor.main] INFO: Data: 136 symbols | Macro: NEUTRAL (-0.100) | Sentiment: 136 symbols
2026-04-01 13:53:16,314 [raptor.signals] INFO: Signals: 1 from 136 syms (regime=NEUTRAL)
2026-04-01 13:53:16,315 [raptor.signals] INFO: Composite: mean=-0.0096 std=0.2136 max=0.7246
2026-04-01 13:53:16,315 [raptor.main] INFO: No signals today. Patience.
2026-04-01 13:54:16,321 [raptor.main] INFO: ============================================================
2026-04-01 13:54:16,322 [raptor.main] INFO: RAPTOR v5.2.0 DAILY SCAN — 2026-04-01T13:54:16.322198
2026-04-01 13:54:16,322 [raptor.main] INFO: ============================================================
2026-04-01 13:54:16,323 [raptor.data_feeds] INFO: DataManager initialized with all feeds
2026-04-01 13:54:17,068 [raptor.main] INFO: Account: equity=$103813.39  cash=$88259.42  positions=4
2026-04-01 13:54:17,069 [raptor.universe] INFO: Universe from cache: 136 symbols
2026-04-01 13:54:17,070 [raptor.main] INFO: Dynamic universe: 136 symbols
2026-04-01 13:54:25,168 [raptor.data_feeds] INFO: Fetched bars for 136 / 136 symbols
2026-04-01 13:54:25,194 [raptor.data_feeds] INFO: FRED regime: NEUTRAL (score=-0.100)
2026-04-01 13:54:26,768 [raptor.main] INFO: Data: 136 symbols | Macro: NEUTRAL (-0.100) | Sentiment: 136 symbols
2026-04-01 13:54:29,310 [raptor.signals] INFO: Signals: 1 from 136 syms (regime=NEUTRAL)
2026-04-01 13:54:29,311 [raptor.signals] INFO: Composite: mean=-0.0090 std=0.2132 max=0.6996
2026-04-01 13:54:29,311 [raptor.main] INFO: No signals today. Patience.
2026-04-01 13:55:29,317 [raptor.main] INFO: ============================================================
2026-04-01 13:55:29,317 [raptor.main] INFO: RAPTOR v5.2.0 DAILY SCAN — 2026-04-01T13:55:29.317870
2026-04-01 13:55:29,318 [raptor.main] INFO: ============================================================
2026-04-01 13:55:29,319 [raptor.data_feeds] INFO: DataManager initialized with all feeds
2026-04-01 13:55:29,878 [raptor.main] INFO: Account: equity=$103819.82  cash=$88259.42  positions=4
2026-04-01 13:55:29,880 [raptor.universe] INFO: Universe from cache: 136 symbols
2026-04-01 13:55:29,881 [raptor.main] INFO: Dynamic universe: 136 symbols
2026-04-01 13:55:37,047 [raptor.data_feeds] INFO: Fetched bars for 136 / 136 symbols
2026-04-01 13:55:37,072 [raptor.data_feeds] INFO: FRED regime: NEUTRAL (score=-0.100)
2026-04-01 13:55:40,012 [raptor.main] INFO: Data: 136 symbols | Macro: NEUTRAL (-0.100) | Sentiment: 136 symbols
2026-04-01 13:55:42,539 [raptor.signals] INFO: Signals: 1 from 136 syms (regime=NEUTRAL)
2026-04-01 13:55:42,539 [raptor.signals] INFO: Composite: mean=-0.0074 std=0.2114 max=0.6291
2026-04-01 13:55:42,540 [raptor.main] INFO: No signals today. Patience.
2026-04-01 13:56:42,545 [raptor.main] INFO: ============================================================
2026-04-01 13:56:42,546 [raptor.main] INFO: RAPTOR v5.2.0 DAILY SCAN — 2026-04-01T13:56:42.546610
2026-04-01 13:56:42,547 [raptor.main] INFO: ============================================================
2026-04-01 13:56:42,548 [raptor.data_feeds] INFO: DataManager initialized with all feeds
2026-04-01 13:56:43,023 [raptor.main] INFO: Account: equity=$103817.23  cash=$88259.42  positions=4
2026-04-01 13:56:43,026 [raptor.universe] INFO: Universe from cache: 136 symbols
2026-04-01 13:56:43,026 [raptor.main] INFO: Dynamic universe: 136 symbols
2026-04-01 13:56:50,230 [raptor.data_feeds] INFO: Fetched bars for 136 / 136 symbols
2026-04-01 13:56:50,255 [raptor.data_feeds] INFO: FRED regime: NEUTRAL (score=-0.100)
2026-04-01 13:56:52,046 [raptor.main] INFO: Data: 136 symbols | Macro: NEUTRAL (-0.100) | Sentiment: 136 symbols
2026-04-01 13:56:54,616 [raptor.signals] INFO: Signals: 1 from 136 syms (regime=NEUTRAL)
2026-04-01 13:56:54,618 [raptor.signals] INFO: Composite: mean=-0.0078 std=0.2116 max=0.6447
2026-04-01 13:56:54,618 [raptor.main] INFO: No signals today. Patience.
2026-04-01 13:57:54,624 [raptor.main] INFO: ============================================================
2026-04-01 13:57:54,625 [raptor.main] INFO: RAPTOR v5.2.0 DAILY SCAN — 2026-04-01T13:57:54.625777
2026-04-01 13:57:54,626 [raptor.main] INFO: ============================================================
2026-04-01 13:57:54,628 [raptor.data_feeds] INFO: DataManager initialized with all feeds
2026-04-01 13:57:55,493 [raptor.main] INFO: Account: equity=$103809.04  cash=$88259.42  positions=4
2026-04-01 13:57:55,495 [raptor.universe] INFO: Universe from cache: 136 symbols
2026-04-01 13:57:55,496 [raptor.main] INFO: Dynamic universe: 136 symbols
2026-04-01 13:58:02,039 [raptor.data_feeds] INFO: Fetched bars for 136 / 136 symbols
2026-04-01 13:58:02,064 [raptor.data_feeds] INFO: FRED regime: NEUTRAL (score=-0.100)
2026-04-01 13:58:03,507 [raptor.main] INFO: Data: 136 symbols | Macro: NEUTRAL (-0.100) | Sentiment: 136 symbols
2026-04-01 13:58:06,058 [raptor.signals] INFO: Signals: 1 from 136 syms (regime=NEUTRAL)
2026-04-01 13:58:06,059 [raptor.signals] INFO: Composite: mean=-0.0098 std=0.2135 max=0.7386
2026-04-01 13:58:06,060 [raptor.main] INFO: No signals today. Patience.
2026-04-01 13:59:06,067 [raptor.main] INFO: ============================================================
2026-04-01 13:59:06,068 [raptor.main] INFO: RAPTOR v5.2.0 DAILY SCAN — 2026-04-01T13:59:06.068265
2026-04-01 13:59:06,068 [raptor.main] INFO: ============================================================
2026-04-01 13:59:06,070 [raptor.data_feeds] INFO: DataManager initialized with all feeds
2026-04-01 13:59:07,692 [raptor.main] INFO: Account: equity=$103821.72  cash=$88259.42  positions=4
2026-04-01 13:59:07,694 [raptor.universe] INFO: Universe from cache: 136 symbols
2026-04-01 13:59:07,695 [raptor.main] INFO: Dynamic universe: 136 symbols
2026-04-01 13:59:19,441 [raptor.data_feeds] INFO: Fetched bars for 136 / 136 symbols
2026-04-01 13:59:19,467 [raptor.data_feeds] INFO: FRED regime: NEUTRAL (score=-0.100)
2026-04-01 13:59:20,930 [raptor.main] INFO: Data: 136 symbols | Macro: NEUTRAL (-0.100) | Sentiment: 136 symbols
2026-04-01 13:59:23,455 [raptor.signals] INFO: Signals: 1 from 136 syms (regime=NEUTRAL)
2026-04-01 13:59:23,456 [raptor.signals] INFO: Composite: mean=-0.0057 std=0.2092 max=0.5598
2026-04-01 13:59:23,457 [raptor.main] INFO: No signals today. Patience.
2026-04-01 14:00:23,463 [raptor.main] INFO: ============================================================
2026-04-01 14:00:23,463 [raptor.main] INFO: RAPTOR v5.2.0 DAILY SCAN — 2026-04-01T14:00:23.463655
2026-04-01 14:00:23,463 [raptor.main] INFO: ============================================================
2026-04-01 14:00:23,465 [raptor.data_feeds] INFO: DataManager initialized with all feeds
2026-04-01 14:00:24,190 [raptor.main] INFO: Account: equity=$103820.92  cash=$88259.42  positions=4
2026-04-01 14:00:24,192 [raptor.universe] INFO: Universe from cache: 136 symbols
2026-04-01 14:00:24,192 [raptor.main] INFO: Dynamic universe: 136 symbols
2026-04-01 14:00:45,324 [raptor.data_feeds] INFO: Fetched bars for 136 / 136 symbols
2026-04-01 14:00:45,349 [raptor.data_feeds] INFO: FRED regime: NEUTRAL (score=-0.100)
2026-04-01 14:00:47,048 [raptor.main] INFO: Data: 136 symbols | Macro: NEUTRAL (-0.100) | Sentiment: 136 symbols
2026-04-01 14:00:49,575 [raptor.signals] INFO: Signals: 1 from 136 syms (regime=NEUTRAL)
2026-04-01 14:00:49,576 [raptor.signals] INFO: Composite: mean=-0.0095 std=0.2118 max=0.7229
2026-04-01 14:00:49,577 [raptor.main] INFO: No signals today. Patience.
2026-04-01 14:01:49,582 [raptor.main] INFO: ============================================================
2026-04-01 14:01:49,583 [raptor.main] INFO: RAPTOR v5.2.0 DAILY SCAN — 2026-04-01T14:01:49.583422
2026-04-01 14:01:49,583 [raptor.main] INFO: ============================================================
2026-04-01 14:01:49,585 [raptor.data_feeds] INFO: DataManager initialized with all feeds
2026-04-01 14:01:50,312 [raptor.main] INFO: Account: equity=$103829.65  cash=$88259.42  positions=4
2026-04-01 14:01:50,314 [raptor.universe] INFO: Universe from cache: 136 symbols
2026-04-01 14:01:50,314 [raptor.main] INFO: Dynamic universe: 136 symbols
2026-04-01 14:02:04,460 [raptor.data_feeds] INFO: Fetched bars for 136 / 136 symbols
2026-04-01 14:02:04,485 [raptor.data_feeds] INFO: FRED regime: NEUTRAL (score=-0.100)
2026-04-01 14:02:05,956 [raptor.main] INFO: Data: 136 symbols | Macro: NEUTRAL (-0.100) | Sentiment: 136 symbols
2026-04-01 14:02:08,463 [raptor.signals] INFO: Signals: 1 from 136 syms (regime=NEUTRAL)
2026-04-01 14:02:08,464 [raptor.signals] INFO: Composite: mean=-0.0049 std=0.2080 max=0.5274
2026-04-01 14:02:08,464 [raptor.main] INFO: No signals today. Patience.
2026-04-01 14:03:08,470 [raptor.main] INFO: ============================================================
2026-04-01 14:03:08,470 [raptor.main] INFO: RAPTOR v5.2.0 DAILY SCAN — 2026-04-01T14:03:08.470905
2026-04-01 14:03:08,471 [raptor.main] INFO: ============================================================
2026-04-01 14:03:08,472 [raptor.data_feeds] INFO: DataManager initialized with all feeds
2026-04-01 14:03:09,265 [raptor.main] INFO: Account: equity=$103831.08  cash=$88259.42  positions=4
2026-04-01 14:03:09,267 [raptor.universe] INFO: Universe from cache: 136 symbols
2026-04-01 14:03:09,268 [raptor.main] INFO: Dynamic universe: 136 symbols
2026-04-01 14:03:20,378 [raptor.data_feeds] INFO: Fetched bars for 136 / 136 symbols
2026-04-01 14:03:20,404 [raptor.data_feeds] INFO: FRED regime: NEUTRAL (score=-0.100)
2026-04-01 14:03:22,249 [raptor.main] INFO: Data: 136 symbols | Macro: NEUTRAL (-0.100) | Sentiment: 136 symbols
2026-04-01 14:03:24,773 [raptor.signals] INFO: Signals: 1 from 136 syms (regime=NEUTRAL)
2026-04-01 14:03:24,773 [raptor.signals] INFO: Composite: mean=-0.0048 std=0.2072 max=0.4975
2026-04-01 14:03:24,774 [raptor.main] INFO: No signals today. Patience.
2026-04-01 14:04:24,779 [raptor.main] INFO: ============================================================
2026-04-01 14:04:24,780 [raptor.main] INFO: RAPTOR v5.2.0 DAILY SCAN — 2026-04-01T14:04:24.780288
2026-04-01 14:04:24,780 [raptor.main] INFO: ============================================================
2026-04-01 14:04:24,781 [raptor.data_feeds] INFO: DataManager initialized with all feeds
2026-04-01 14:04:26,478 [raptor.main] INFO: Account: equity=$103833.93  cash=$88259.42  positions=4
2026-04-01 14:04:26,480 [raptor.universe] INFO: Universe from cache: 136 symbols
2026-04-01 14:04:26,480 [raptor.main] INFO: Dynamic universe: 136 symbols
2026-04-01 14:04:40,102 [raptor.data_feeds] INFO: Fetched bars for 136 / 136 symbols
2026-04-01 14:04:40,127 [raptor.data_feeds] INFO: FRED regime: NEUTRAL (score=-0.100)
2026-04-01 14:04:41,744 [raptor.main] INFO: Data: 136 symbols | Macro: NEUTRAL (-0.100) | Sentiment: 136 symbols
2026-04-01 14:04:44,267 [raptor.signals] INFO: Signals: 1 from 136 syms (regime=NEUTRAL)
2026-04-01 14:04:44,268 [raptor.signals] INFO: Composite: mean=-0.0049 std=0.2070 max=0.4915
2026-04-01 14:04:44,268 [raptor.main] INFO: No signals today. Patience.
2026-04-01 14:05:44,274 [raptor.main] INFO: ============================================================
2026-04-01 14:05:44,274 [raptor.main] INFO: RAPTOR v5.2.0 DAILY SCAN — 2026-04-01T14:05:44.274831
2026-04-01 14:05:44,275 [raptor.main] INFO: ============================================================
2026-04-01 14:05:44,276 [raptor.data_feeds] INFO: DataManager initialized with all feeds
2026-04-01 14:05:44,921 [raptor.main] INFO: Account: equity=$103833.60  cash=$88259.42  positions=4
2026-04-01 14:05:44,923 [raptor.universe] INFO: Universe from cache: 136 symbols
2026-04-01 14:05:44,923 [raptor.main] INFO: Dynamic universe: 136 symbols
2026-04-01 14:06:00,498 [raptor.data_feeds] INFO: Fetched bars for 136 / 136 symbols
2026-04-01 14:06:00,523 [raptor.data_feeds] INFO: FRED regime: NEUTRAL (score=-0.100)
2026-04-01 14:06:02,035 [raptor.main] INFO: Data: 136 symbols | Macro: NEUTRAL (-0.100) | Sentiment: 136 symbols
2026-04-01 14:06:04,564 [raptor.signals] INFO: Signals: 1 from 136 syms (regime=NEUTRAL)
2026-04-01 14:06:04,565 [raptor.signals] INFO: Composite: mean=-0.0058 std=0.2070 max=0.4914
2026-04-01 14:06:04,565 [raptor.main] INFO: No signals today. Patience.
2026-04-01 14:07:04,570 [raptor.main] INFO: ============================================================
2026-04-01 14:07:04,571 [raptor.main] INFO: RAPTOR v5.2.0 DAILY SCAN — 2026-04-01T14:07:04.571248
2026-04-01 14:07:04,571 [raptor.main] INFO: ============================================================
2026-04-01 14:07:04,573 [raptor.data_feeds] INFO: DataManager initialized with all feeds
2026-04-01 14:07:05,206 [raptor.main] INFO: Account: equity=$103838.11  cash=$88259.42  positions=4
2026-04-01 14:07:05,208 [raptor.universe] INFO: Universe from cache: 136 symbols
2026-04-01 14:07:05,208 [raptor.main] INFO: Dynamic universe: 136 symbols
2026-04-01 14:07:18,283 [raptor.data_feeds] INFO: Fetched bars for 136 / 136 symbols
2026-04-01 14:07:18,309 [raptor.data_feeds] INFO: FRED regime: NEUTRAL (score=-0.100)
2026-04-01 14:07:20,066 [raptor.main] INFO: Data: 136 symbols | Macro: NEUTRAL (-0.100) | Sentiment: 136 symbols
2026-04-01 14:07:22,641 [raptor.signals] INFO: Signals: 1 from 136 syms (regime=NEUTRAL)
2026-04-01 14:07:22,642 [raptor.signals] INFO: Composite: mean=-0.0098 std=0.2106 max=0.7345
2026-04-01 14:07:22,642 [raptor.main] INFO: No signals today. Patience.
2026-04-01 14:08:22,647 [raptor.main] INFO: ============================================================
2026-04-01 14:08:22,649 [raptor.main] INFO: RAPTOR v5.2.0 DAILY SCAN — 2026-04-01T14:08:22.649022
2026-04-01 14:08:22,649 [raptor.main] INFO: ============================================================
2026-04-01 14:08:22,651 [raptor.data_feeds] INFO: DataManager initialized with all feeds
2026-04-01 14:08:23,444 [raptor.main] INFO: Account: equity=$103837.36  cash=$88259.42  positions=4
2026-04-01 14:08:23,446 [raptor.universe] INFO: Universe from cache: 136 symbols
2026-04-01 14:08:23,446 [raptor.main] INFO: Dynamic universe: 136 symbols
2026-04-01 14:08:34,163 [raptor.data_feeds] INFO: Fetched bars for 136 / 136 symbols
2026-04-01 14:08:34,189 [raptor.data_feeds] INFO: FRED regime: NEUTRAL (score=-0.100)
2026-04-01 14:08:35,680 [raptor.main] INFO: Data: 136 symbols | Macro: NEUTRAL (-0.100) | Sentiment: 136 symbols
2026-04-01 14:08:38,222 [raptor.signals] INFO: Signals: 1 from 136 syms (regime=NEUTRAL)
2026-04-01 14:08:38,223 [raptor.signals] INFO: Composite: mean=-0.0053 std=0.2071 max=0.5134
2026-04-01 14:08:38,223 [raptor.main] INFO: No signals today. Patience.
2026-04-01 14:09:38,229 [raptor.main] INFO: ============================================================
2026-04-01 14:09:38,230 [raptor.main] INFO: RAPTOR v5.2.0 DAILY SCAN — 2026-04-01T14:09:38.230609
2026-04-01 14:09:38,230 [raptor.main] INFO: ============================================================
2026-04-01 14:09:38,232 [raptor.data_feeds] INFO: DataManager initialized with all feeds
2026-04-01 14:09:38,813 [raptor.main] INFO: Account: equity=$103821.85  cash=$88259.42  positions=4
2026-04-01 14:09:38,815 [raptor.universe] INFO: Universe from cache: 136 symbols
2026-04-01 14:09:38,815 [raptor.main] INFO: Dynamic universe: 136 symbols
2026-04-01 14:09:49,704 [raptor.data_feeds] INFO: Fetched bars for 136 / 136 symbols
2026-04-01 14:09:49,730 [raptor.data_feeds] INFO: FRED regime: NEUTRAL (score=-0.100)
2026-04-01 14:09:51,579 [raptor.main] INFO: Data: 136 symbols | Macro: NEUTRAL (-0.100) | Sentiment: 136 symbols
2026-04-01 14:09:54,120 [raptor.signals] INFO: Signals: 1 from 136 syms (regime=NEUTRAL)
2026-04-01 14:09:54,121 [raptor.signals] INFO: Composite: mean=-0.0049 std=0.2071 max=0.4995
2026-04-01 14:09:54,121 [raptor.main] INFO: No signals today. Patience.
2026-04-01 14:10:54,127 [raptor.main] INFO: ============================================================
2026-04-01 14:10:54,128 [raptor.main] INFO: RAPTOR v5.2.0 DAILY SCAN — 2026-04-01T14:10:54.128280
2026-04-01 14:10:54,128 [raptor.main] INFO: ============================================================
2026-04-01 14:10:54,129 [raptor.data_feeds] INFO: DataManager initialized with all feeds
2026-04-01 14:10:54,798 [raptor.main] INFO: Account: equity=$103833.99  cash=$88259.42  positions=4
2026-04-01 14:10:54,800 [raptor.universe] INFO: Universe from cache: 136 symbols
2026-04-01 14:10:54,800 [raptor.main] INFO: Dynamic universe: 136 symbols
2026-04-01 14:11:08,012 [raptor.data_feeds] INFO: Fetched bars for 136 / 136 symbols
2026-04-01 14:11:08,036 [raptor.data_feeds] INFO: FRED regime: NEUTRAL (score=-0.100)
2026-04-01 14:11:09,823 [raptor.main] INFO: Data: 136 symbols | Macro: NEUTRAL (-0.100) | Sentiment: 136 symbols
2026-04-01 14:11:12,339 [raptor.signals] INFO: Signals: 1 from 136 syms (regime=NEUTRAL)
2026-04-01 14:11:12,340 [raptor.signals] INFO: Composite: mean=-0.0093 std=0.2048 max=0.7072
2026-04-01 14:11:12,341 [raptor.main] INFO: No signals today. Patience.
2026-04-01 14:12:12,346 [raptor.main] INFO: ============================================================
2026-04-01 14:12:12,346 [raptor.main] INFO: RAPTOR v5.2.0 DAILY SCAN — 2026-04-01T14:12:12.346881
2026-04-01 14:12:12,347 [raptor.main] INFO: ============================================================
2026-04-01 14:12:12,348 [raptor.data_feeds] INFO: DataManager initialized with all feeds
2026-04-01 14:12:12,932 [raptor.main] INFO: Account: equity=$103841.61  cash=$88259.42  positions=4
2026-04-01 14:12:12,937 [raptor.universe] INFO: Universe from cache: 136 symbols
2026-04-01 14:12:12,939 [raptor.main] INFO: Dynamic universe: 136 symbols
2026-04-01 14:12:23,884 [raptor.data_feeds] INFO: Fetched bars for 136 / 136 symbols
2026-04-01 14:12:23,909 [raptor.data_feeds] INFO: FRED regime: NEUTRAL (score=-0.100)
2026-04-01 14:12:25,559 [raptor.main] INFO: Data: 136 symbols | Macro: NEUTRAL (-0.100) | Sentiment: 136 symbols
2026-04-01 14:12:28,140 [raptor.signals] INFO: Signals: 1 from 136 syms (regime=NEUTRAL)
2026-04-01 14:12:28,140 [raptor.signals] INFO: Composite: mean=-0.0050 std=0.2018 max=0.5108
2026-04-01 14:12:28,141 [raptor.main] INFO: No signals today. Patience.
2026-04-01 14:13:28,147 [raptor.main] INFO: ============================================================
2026-04-01 14:13:28,147 [raptor.main] INFO: RAPTOR v5.2.0 DAILY SCAN — 2026-04-01T14:13:28.147626
2026-04-01 14:13:28,147 [raptor.main] INFO: ============================================================
2026-04-01 14:13:28,149 [raptor.data_feeds] INFO: DataManager initialized with all feeds
2026-04-01 14:13:28,712 [raptor.main] INFO: Account: equity=$103842.04  cash=$88259.42  positions=4
2026-04-01 14:13:28,714 [raptor.universe] INFO: Universe from cache: 136 symbols
2026-04-01 14:13:28,714 [raptor.main] INFO: Dynamic universe: 136 symbols
2026-04-01 14:13:39,345 [raptor.data_feeds] INFO: Fetched bars for 136 / 136 symbols
2026-04-01 14:13:39,369 [raptor.data_feeds] INFO: FRED regime: NEUTRAL (score=-0.100)
2026-04-01 14:13:40,874 [raptor.main] INFO: Data: 136 symbols | Macro: NEUTRAL (-0.100) | Sentiment: 136 symbols
2026-04-01 14:13:43,415 [raptor.signals] INFO: Signals: 1 from 136 syms (regime=NEUTRAL)
2026-04-01 14:13:43,415 [raptor.signals] INFO: Composite: mean=-0.0093 std=0.2046 max=0.7051
2026-04-01 14:13:43,416 [raptor.main] INFO: No signals today. Patience.
2026-04-01 14:14:43,422 [raptor.main] INFO: ============================================================
2026-04-01 14:14:43,422 [raptor.main] INFO: RAPTOR v5.2.0 DAILY SCAN — 2026-04-01T14:14:43.422831
2026-04-01 14:14:43,423 [raptor.main] INFO: ============================================================
2026-04-01 14:14:43,424 [raptor.data_feeds] INFO: DataManager initialized with all feeds
2026-04-01 14:14:44,044 [raptor.main] INFO: Account: equity=$103837.85  cash=$88259.42  positions=4
2026-04-01 14:14:44,046 [raptor.universe] INFO: Universe from cache: 136 symbols
2026-04-01 14:14:44,046 [raptor.main] INFO: Dynamic universe: 136 symbols
2026-04-01 14:14:53,341 [raptor.data_feeds] INFO: Fetched bars for 136 / 136 symbols
2026-04-01 14:14:53,365 [raptor.data_feeds] INFO: FRED regime: NEUTRAL (score=-0.100)
2026-04-01 14:14:54,760 [raptor.main] INFO: Data: 136 symbols | Macro: NEUTRAL (-0.100) | Sentiment: 136 symbols
2026-04-01 14:14:57,331 [raptor.signals] INFO: Signals: 1 from 136 syms (regime=NEUTRAL)
2026-04-01 14:14:57,332 [raptor.signals] INFO: Composite: mean=-0.0075 std=0.2036 max=0.6281
2026-04-01 14:14:57,332 [raptor.main] INFO: No signals today. Patience.
2026-04-01 14:15:57,338 [raptor.main] INFO: ============================================================
2026-04-01 14:15:57,339 [raptor.main] INFO: RAPTOR v5.2.0 DAILY SCAN — 2026-04-01T14:15:57.339026
2026-04-01 14:15:57,339 [raptor.main] INFO: ============================================================
2026-04-01 14:15:57,340 [raptor.data_feeds] INFO: DataManager initialized with all feeds
2026-04-01 14:15:58,120 [raptor.main] INFO: Account: equity=$103836.95  cash=$88259.42  positions=4
2026-04-01 14:15:58,122 [raptor.universe] INFO: Universe from cache: 136 symbols
2026-04-01 14:15:58,123 [raptor.main] INFO: Dynamic universe: 136 symbols
2026-04-01 14:16:13,939 [raptor.data_feeds] INFO: Fetched bars for 136 / 136 symbols
2026-04-01 14:16:13,965 [raptor.data_feeds] INFO: FRED regime: NEUTRAL (score=-0.100)
2026-04-01 14:16:15,394 [raptor.main] INFO: Data: 136 symbols | Macro: NEUTRAL (-0.100) | Sentiment: 136 symbols
2026-04-01 14:16:17,947 [raptor.signals] INFO: Signals: 1 from 136 syms (regime=NEUTRAL)
2026-04-01 14:16:17,947 [raptor.signals] INFO: Composite: mean=-0.0065 std=0.2031 max=0.5435
2026-04-01 14:16:17,948 [raptor.main] INFO: No signals today. Patience.
2026-04-01 14:17:17,953 [raptor.main] INFO: ============================================================
2026-04-01 14:17:17,953 [raptor.main] INFO: RAPTOR v5.2.0 DAILY SCAN — 2026-04-01T14:17:17.953613
2026-04-01 14:17:17,954 [raptor.main] INFO: ============================================================
2026-04-01 14:17:17,955 [raptor.data_feeds] INFO: DataManager initialized with all feeds
2026-04-01 14:17:18,610 [raptor.main] INFO: Account: equity=$103827.29  cash=$88259.42  positions=4
2026-04-01 14:17:18,612 [raptor.universe] INFO: Universe from cache: 136 symbols
2026-04-01 14:17:18,613 [raptor.main] INFO: Dynamic universe: 136 symbols
2026-04-01 14:17:26,200 [raptor.data_feeds] INFO: Fetched bars for 136 / 136 symbols
2026-04-01 14:17:26,224 [raptor.data_feeds] INFO: FRED regime: NEUTRAL (score=-0.100)
2026-04-01 14:17:28,451 [raptor.main] INFO: Data: 136 symbols | Macro: NEUTRAL (-0.100) | Sentiment: 136 symbols
2026-04-01 14:17:31,008 [raptor.signals] INFO: Signals: 1 from 136 syms (regime=NEUTRAL)
2026-04-01 14:17:31,009 [raptor.signals] INFO: Composite: mean=-0.0058 std=0.2012 max=0.4881
2026-04-01 14:17:31,010 [raptor.main] INFO: No signals today. Patience.
2026-04-01 14:18:31,015 [raptor.main] INFO: ============================================================
2026-04-01 14:18:31,016 [raptor.main] INFO: RAPTOR v5.2.0 DAILY SCAN — 2026-04-01T14:18:31.016208
2026-04-01 14:18:31,016 [raptor.main] INFO: ============================================================
2026-04-01 14:18:31,018 [raptor.data_feeds] INFO: DataManager initialized with all feeds
2026-04-01 14:18:31,625 [raptor.main] INFO: Account: equity=$103814.10  cash=$88259.42  positions=4
2026-04-01 14:18:31,627 [raptor.universe] INFO: Universe from cache: 136 symbols
2026-04-01 14:18:31,627 [raptor.main] INFO: Dynamic universe: 136 symbols
2026-04-01 14:18:39,930 [raptor.data_feeds] INFO: Fetched bars for 136 / 136 symbols
2026-04-01 14:18:39,955 [raptor.data_feeds] INFO: FRED regime: NEUTRAL (score=-0.100)
2026-04-01 14:18:41,723 [raptor.main] INFO: Data: 136 symbols | Macro: NEUTRAL (-0.100) | Sentiment: 136 symbols
2026-04-01 14:18:44,258 [raptor.signals] INFO: Signals: 0 from 136 syms (regime=NEUTRAL)
2026-04-01 14:18:44,259 [raptor.signals] INFO: Composite: mean=-0.0055 std=0.2009 max=0.4260
2026-04-01 14:18:44,259 [raptor.main] INFO: No signals today. Patience.
2026-04-01 14:19:44,265 [raptor.main] INFO: ============================================================
2026-04-01 14:19:44,265 [raptor.main] INFO: RAPTOR v5.2.0 DAILY SCAN — 2026-04-01T14:19:44.265890
2026-04-01 14:19:44,266 [raptor.main] INFO: ============================================================
2026-04-01 14:19:44,267 [raptor.data_feeds] INFO: DataManager initialized with all feeds
2026-04-01 14:19:44,845 [raptor.main] INFO: Account: equity=$103815.25  cash=$88259.42  positions=4
2026-04-01 14:19:44,847 [raptor.universe] INFO: Universe from cache: 136 symbols
2026-04-01 14:19:44,848 [raptor.main] INFO: Dynamic universe: 136 symbols
2026-04-01 14:19:50,647 [raptor.data_feeds] INFO: Fetched bars for 136 / 136 symbols
2026-04-01 14:19:50,672 [raptor.data_feeds] INFO: FRED regime: NEUTRAL (score=-0.100)
2026-04-01 14:19:52,076 [raptor.main] INFO: Data: 136 symbols | Macro: NEUTRAL (-0.100) | Sentiment: 136 symbols
2026-04-01 14:19:54,655 [raptor.signals] INFO: Signals: 0 from 136 syms (regime=NEUTRAL)
2026-04-01 14:19:54,655 [raptor.signals] INFO: Composite: mean=-0.0096 std=0.1990 max=0.4379
2026-04-01 14:19:54,656 [raptor.main] INFO: No signals today. Patience.
2026-04-01 14:20:54,662 [raptor.main] INFO: ============================================================
2026-04-01 14:20:54,662 [raptor.main] INFO: RAPTOR v5.2.0 DAILY SCAN — 2026-04-01T14:20:54.662684
2026-04-01 14:20:54,663 [raptor.main] INFO: ============================================================
2026-04-01 14:20:54,664 [raptor.data_feeds] INFO: DataManager initialized with all feeds
2026-04-01 14:20:55,130 [raptor.main] INFO: Account: equity=$103822.28  cash=$88259.42  positions=4
2026-04-01 14:20:55,132 [raptor.universe] INFO: Universe from cache: 136 symbols
2026-04-01 14:20:55,133 [raptor.main] INFO: Dynamic universe: 136 symbols
2026-04-01 14:21:01,295 [raptor.data_feeds] INFO: Fetched bars for 136 / 136 symbols
2026-04-01 14:21:01,318 [raptor.data_feeds] INFO: FRED regime: NEUTRAL (score=-0.100)
2026-04-01 14:21:02,793 [raptor.main] INFO: Data: 136 symbols | Macro: NEUTRAL (-0.100) | Sentiment: 136 symbols
2026-04-01 14:21:05,340 [raptor.signals] INFO: Signals: 1 from 136 syms (regime=NEUTRAL)
2026-04-01 14:21:05,340 [raptor.signals] INFO: Composite: mean=-0.0057 std=0.2013 max=0.4806
2026-04-01 14:21:05,341 [raptor.main] INFO: No signals today. Patience.
2026-04-01 14:22:05,346 [raptor.main] INFO: ============================================================
2026-04-01 14:22:05,347 [raptor.main] INFO: RAPTOR v5.2.0 DAILY SCAN — 2026-04-01T14:22:05.347212
2026-04-01 14:22:05,347 [raptor.main] INFO: ============================================================
2026-04-01 14:22:05,348 [raptor.data_feeds] INFO: DataManager initialized with all feeds
2026-04-01 14:22:06,061 [raptor.main] INFO: Account: equity=$103814.35  cash=$88259.42  positions=4
2026-04-01 14:22:06,063 [raptor.universe] INFO: Universe from cache: 136 symbols
2026-04-01 14:22:06,063 [raptor.main] INFO: Dynamic universe: 136 symbols
2026-04-01 14:22:15,332 [raptor.data_feeds] INFO: Fetched bars for 136 / 136 symbols
2026-04-01 14:22:15,358 [raptor.data_feeds] INFO: FRED regime: NEUTRAL (score=-0.100)
2026-04-01 14:22:16,885 [raptor.main] INFO: Data: 136 symbols | Macro: NEUTRAL (-0.100) | Sentiment: 136 symbols
2026-04-01 14:22:19,416 [raptor.signals] INFO: Signals: 1 from 136 syms (regime=NEUTRAL)
2026-04-01 14:22:19,417 [raptor.signals] INFO: Composite: mean=-0.0058 std=0.2007 max=0.4714
2026-04-01 14:22:19,417 [raptor.main] INFO: No signals today. Patience.
2026-04-01 14:23:19,423 [raptor.main] INFO: ============================================================
2026-04-01 14:23:19,423 [raptor.main] INFO: RAPTOR v5.2.0 DAILY SCAN — 2026-04-01T14:23:19.423527
2026-04-01 14:23:19,423 [raptor.main] INFO: ============================================================
2026-04-01 14:23:19,425 [raptor.data_feeds] INFO: DataManager initialized with all feeds
2026-04-01 14:23:20,099 [raptor.main] INFO: Account: equity=$103813.65  cash=$88259.42  positions=4
2026-04-01 14:23:20,101 [raptor.universe] INFO: Universe from cache: 136 symbols
2026-04-01 14:23:20,102 [raptor.main] INFO: Dynamic universe: 136 symbols
2026-04-01 14:23:27,111 [raptor.data_feeds] INFO: Fetched bars for 136 / 136 symbols
2026-04-01 14:23:27,140 [raptor.data_feeds] INFO: FRED regime: NEUTRAL (score=-0.100)
2026-04-01 14:23:28,643 [raptor.main] INFO: Data: 136 symbols | Macro: NEUTRAL (-0.100) | Sentiment: 136 symbols
2026-04-01 14:23:31,188 [raptor.signals] INFO: Signals: 1 from 136 syms (regime=NEUTRAL)
2026-04-01 14:23:31,188 [raptor.signals] INFO: Composite: mean=-0.0061 std=0.2007 max=0.4731
2026-04-01 14:23:31,189 [raptor.main] INFO: No signals today. Patience.
2026-04-01 14:24:31,193 [raptor.main] INFO: ============================================================
2026-04-01 14:24:31,194 [raptor.main] INFO: RAPTOR v5.2.0 DAILY SCAN — 2026-04-01T14:24:31.194250
2026-04-01 14:24:31,194 [raptor.main] INFO: ============================================================
2026-04-01 14:24:31,195 [raptor.data_feeds] INFO: DataManager initialized with all feeds
2026-04-01 14:24:31,988 [raptor.main] INFO: Account: equity=$103812.74  cash=$88259.42  positions=4
2026-04-01 14:24:31,990 [raptor.universe] INFO: Universe from cache: 136 symbols
2026-04-01 14:24:31,991 [raptor.main] INFO: Dynamic universe: 136 symbols
2026-04-01 14:24:37,213 [raptor.data_feeds] INFO: Fetched bars for 136 / 136 symbols
2026-04-01 14:24:37,238 [raptor.data_feeds] INFO: FRED regime: NEUTRAL (score=-0.100)
2026-04-01 14:24:38,625 [raptor.main] INFO: Data: 136 symbols | Macro: NEUTRAL (-0.100) | Sentiment: 136 symbols
2026-04-01 14:24:41,222 [raptor.signals] INFO: Signals: 1 from 136 syms (regime=NEUTRAL)
2026-04-01 14:24:41,223 [raptor.signals] INFO: Composite: mean=-0.0058 std=0.2004 max=0.4751
2026-04-01 14:24:41,223 [raptor.main] INFO: No signals today. Patience.
2026-04-01 14:25:41,228 [raptor.main] INFO: ============================================================
2026-04-01 14:25:41,229 [raptor.main] INFO: RAPTOR v5.2.0 DAILY SCAN — 2026-04-01T14:25:41.229582
2026-04-01 14:25:41,229 [raptor.main] INFO: ============================================================
2026-04-01 14:25:41,231 [raptor.data_feeds] INFO: DataManager initialized with all feeds
2026-04-01 14:25:41,828 [raptor.main] INFO: Account: equity=$103811.74  cash=$88259.42  positions=4
2026-04-01 14:25:41,830 [raptor.universe] INFO: Universe from cache: 136 symbols
2026-04-01 14:25:41,830 [raptor.main] INFO: Dynamic universe: 136 symbols
2026-04-01 14:25:46,633 [raptor.data_feeds] INFO: Fetched bars for 136 / 136 symbols
2026-04-01 14:25:47,779 [raptor.data_feeds] INFO: FRED fetch OK: BAMLC0A4CBBB (785 observations)
2026-04-01 14:25:47,792 [raptor.data_feeds] INFO: FRED regime: NEUTRAL (score=-0.100)
2026-04-01 14:25:49,412 [raptor.main] INFO: Data: 136 symbols | Macro: NEUTRAL (-0.100) | Sentiment: 136 symbols
2026-04-01 14:25:52,236 [raptor.signals] INFO: Signals: 1 from 136 syms (regime=NEUTRAL)
2026-04-01 14:25:52,236 [raptor.signals] INFO: Composite: mean=-0.0057 std=0.1997 max=0.4633
2026-04-01 14:25:52,237 [raptor.main] INFO: No signals today. Patience.
2026-04-01 14:26:52,242 [raptor.main] INFO: ============================================================
2026-04-01 14:26:52,243 [raptor.main] INFO: RAPTOR v5.2.0 DAILY SCAN — 2026-04-01T14:26:52.243526
2026-04-01 14:26:52,244 [raptor.main] INFO: ============================================================
2026-04-01 14:26:52,245 [raptor.data_feeds] INFO: DataManager initialized with all feeds
2026-04-01 14:26:52,949 [raptor.main] INFO: Account: equity=$103819.99  cash=$88259.42  positions=4
2026-04-01 14:26:52,951 [raptor.universe] INFO: Universe from cache: 136 symbols
2026-04-01 14:26:52,952 [raptor.main] INFO: Dynamic universe: 136 symbols
2026-04-01 14:26:58,721 [raptor.data_feeds] INFO: Fetched bars for 136 / 136 symbols
2026-04-01 14:26:58,765 [raptor.data_feeds] INFO: FRED regime: NEUTRAL (score=-0.100)
2026-04-01 14:27:00,559 [raptor.main] INFO: Data: 136 symbols | Macro: NEUTRAL (-0.100) | Sentiment: 136 symbols
2026-04-01 14:27:03,081 [raptor.signals] INFO: Signals: 1 from 136 syms (regime=NEUTRAL)
2026-04-01 14:27:03,083 [raptor.signals] INFO: Composite: mean=-0.0049 std=0.2000 max=0.4723
2026-04-01 14:27:03,084 [raptor.main] INFO: No signals today. Patience.
2026-04-01 14:28:03,090 [raptor.main] INFO: ============================================================
2026-04-01 14:28:03,091 [raptor.main] INFO: RAPTOR v5.2.0 DAILY SCAN — 2026-04-01T14:28:03.091057
2026-04-01 14:28:03,091 [raptor.main] INFO: ============================================================
2026-04-01 14:28:03,093 [raptor.data_feeds] INFO: DataManager initialized with all feeds
2026-04-01 14:28:03,658 [raptor.main] INFO: Account: equity=$103812.49  cash=$88259.42  positions=4
2026-04-01 14:28:03,661 [raptor.universe] INFO: Universe from cache: 136 symbols
2026-04-01 14:28:03,662 [raptor.main] INFO: Dynamic universe: 136 symbols
2026-04-01 14:28:11,353 [raptor.data_feeds] INFO: Fetched bars for 136 / 136 symbols
2026-04-01 14:28:11,377 [raptor.data_feeds] INFO: FRED regime: NEUTRAL (score=-0.100)
2026-04-01 14:28:12,832 [raptor.main] INFO: Data: 136 symbols | Macro: NEUTRAL (-0.100) | Sentiment: 136 symbols
2026-04-01 14:28:15,370 [raptor.signals] INFO: Signals: 1 from 136 syms (regime=NEUTRAL)
2026-04-01 14:28:15,371 [raptor.signals] INFO: Composite: mean=-0.0047 std=0.2006 max=0.4806
2026-04-01 14:28:15,372 [raptor.main] INFO: No signals today. Patience.
2026-04-01 14:29:15,378 [raptor.main] INFO: ============================================================
2026-04-01 14:29:15,380 [raptor.main] INFO: RAPTOR v5.2.0 DAILY SCAN — 2026-04-01T14:29:15.380012
2026-04-01 14:29:15,381 [raptor.main] INFO: ============================================================
2026-04-01 14:29:15,382 [raptor.data_feeds] INFO: DataManager initialized with all feeds
2026-04-01 14:29:16,161 [raptor.main] INFO: Account: equity=$103824.33  cash=$88259.42  positions=4
2026-04-01 14:29:16,162 [raptor.universe] INFO: Universe from cache: 136 symbols
2026-04-01 14:29:16,163 [raptor.main] INFO: Dynamic universe: 136 symbols
2026-04-01 14:29:21,908 [raptor.data_feeds] INFO: Fetched bars for 136 / 136 symbols
2026-04-01 14:29:21,936 [raptor.data_feeds] INFO: FRED regime: NEUTRAL (score=-0.100)
2026-04-01 14:29:23,401 [raptor.main] INFO: Data: 136 symbols | Macro: NEUTRAL (-0.100) | Sentiment: 136 symbols
2026-04-01 14:29:26,008 [raptor.signals] INFO: Signals: 1 from 136 syms (regime=NEUTRAL)
2026-04-01 14:29:26,009 [raptor.signals] INFO: Composite: mean=-0.0049 std=0.2007 max=0.4791
2026-04-01 14:29:26,009 [raptor.main] INFO: No signals today. Patience.
2026-04-01 14:30:26,016 [raptor.main] INFO: ============================================================
2026-04-01 14:30:26,016 [raptor.main] INFO: RAPTOR v5.2.0 DAILY SCAN — 2026-04-01T14:30:26.016680
2026-04-01 14:30:26,017 [raptor.main] INFO: ============================================================
2026-04-01 14:30:26,018 [raptor.data_feeds] INFO: DataManager initialized with all feeds
2026-04-01 14:30:26,718 [raptor.main] INFO: Account: equity=$103828.64  cash=$88259.42  positions=4
2026-04-01 14:30:26,720 [raptor.universe] INFO: Universe from cache: 136 symbols
2026-04-01 14:30:26,721 [raptor.main] INFO: Dynamic universe: 136 symbols
2026-04-01 14:30:36,821 [raptor.data_feeds] INFO: Fetched bars for 136 / 136 symbols
2026-04-01 14:30:36,847 [raptor.data_feeds] INFO: FRED regime: NEUTRAL (score=-0.100)
2026-04-01 14:30:38,709 [raptor.main] INFO: Data: 136 symbols | Macro: NEUTRAL (-0.100) | Sentiment: 136 symbols
2026-04-01 14:30:41,249 [raptor.signals] INFO: Signals: 1 from 136 syms (regime=NEUTRAL)
2026-04-01 14:30:41,250 [raptor.signals] INFO: Composite: mean=-0.0055 std=0.2000 max=0.4725
2026-04-01 14:30:41,250 [raptor.main] INFO: No signals today. Patience.
2026-04-01 14:31:41,257 [raptor.main] INFO: ============================================================
2026-04-01 14:31:41,258 [raptor.main] INFO: RAPTOR v5.2.0 DAILY SCAN — 2026-04-01T14:31:41.258032
2026-04-01 14:31:41,258 [raptor.main] INFO: ============================================================
2026-04-01 14:31:41,259 [raptor.data_feeds] INFO: DataManager initialized with all feeds
2026-04-01 14:31:41,781 [raptor.main] INFO: Account: equity=$103829.78  cash=$88259.42  positions=4
2026-04-01 14:31:41,783 [raptor.universe] INFO: Universe from cache: 136 symbols
2026-04-01 14:31:41,783 [raptor.main] INFO: Dynamic universe: 136 symbols
2026-04-01 14:31:52,023 [raptor.data_feeds] INFO: Fetched bars for 136 / 136 symbols
2026-04-01 14:31:52,048 [raptor.data_feeds] INFO: FRED regime: NEUTRAL (score=-0.100)
2026-04-01 14:31:54,602 [raptor.main] INFO: Data: 136 symbols | Macro: NEUTRAL (-0.100) | Sentiment: 136 symbols
2026-04-01 14:31:57,229 [raptor.signals] INFO: Signals: 1 from 136 syms (regime=NEUTRAL)
2026-04-01 14:31:57,229 [raptor.signals] INFO: Composite: mean=-0.0059 std=0.1999 max=0.4704
2026-04-01 14:31:57,230 [raptor.main] INFO: No signals today. Patience.
2026-04-01 14:32:57,236 [raptor.main] INFO: ============================================================
2026-04-01 14:32:57,237 [raptor.main] INFO: RAPTOR v5.2.0 DAILY SCAN — 2026-04-01T14:32:57.237216
2026-04-01 14:32:57,237 [raptor.main] INFO: ============================================================
2026-04-01 14:32:57,238 [raptor.data_feeds] INFO: DataManager initialized with all feeds
2026-04-01 14:32:57,970 [raptor.main] INFO: Account: equity=$103829.63  cash=$88259.42  positions=4
2026-04-01 14:32:57,971 [raptor.universe] INFO: Universe from cache: 136 symbols
2026-04-01 14:32:57,972 [raptor.main] INFO: Dynamic universe: 136 symbols
2026-04-01 14:33:09,259 [raptor.data_feeds] INFO: Fetched bars for 136 / 136 symbols
2026-04-01 14:33:09,290 [raptor.data_feeds] INFO: FRED regime: NEUTRAL (score=-0.100)
2026-04-01 14:33:10,787 [raptor.main] INFO: Data: 136 symbols | Macro: NEUTRAL (-0.100) | Sentiment: 136 symbols
2026-04-01 14:33:13,311 [raptor.signals] INFO: Signals: 1 from 136 syms (regime=NEUTRAL)
2026-04-01 14:33:13,311 [raptor.signals] INFO: Composite: mean=-0.0049 std=0.1981 max=0.4765
2026-04-01 14:33:13,312 [raptor.main] INFO: No signals today. Patience.
2026-04-01 14:34:13,319 [raptor.main] INFO: ============================================================
2026-04-01 14:34:13,319 [raptor.main] INFO: RAPTOR v5.2.0 DAILY SCAN — 2026-04-01T14:34:13.319689
2026-04-01 14:34:13,320 [raptor.main] INFO: ============================================================
2026-04-01 14:34:13,321 [raptor.data_feeds] INFO: DataManager initialized with all feeds
2026-04-01 14:34:14,057 [raptor.main] INFO: Account: equity=$103815.34  cash=$88259.42  positions=4
2026-04-01 14:34:14,059 [raptor.universe] INFO: Universe from cache: 136 symbols
2026-04-01 14:34:14,059 [raptor.main] INFO: Dynamic universe: 136 symbols
2026-04-01 14:34:23,466 [raptor.data_feeds] INFO: Fetched bars for 136 / 136 symbols
2026-04-01 14:34:23,491 [raptor.data_feeds] INFO: FRED regime: NEUTRAL (score=-0.100)
2026-04-01 14:34:25,322 [raptor.main] INFO: Data: 136 symbols | Macro: NEUTRAL (-0.100) | Sentiment: 136 symbols
2026-04-01 14:34:27,859 [raptor.signals] INFO: Signals: 1 from 136 syms (regime=NEUTRAL)
2026-04-01 14:34:27,860 [raptor.signals] INFO: Composite: mean=-0.0058 std=0.1976 max=0.4669
2026-04-01 14:34:27,861 [raptor.main] INFO: No signals today. Patience.
2026-04-01 14:35:27,866 [raptor.main] INFO: ============================================================
2026-04-01 14:35:27,867 [raptor.main] INFO: RAPTOR v5.2.0 DAILY SCAN — 2026-04-01T14:35:27.867238
2026-04-01 14:35:27,867 [raptor.main] INFO: ============================================================
2026-04-01 14:35:27,869 [raptor.data_feeds] INFO: DataManager initialized with all feeds
2026-04-01 14:35:29,631 [raptor.main] INFO: Account: equity=$103814.44  cash=$88259.42  positions=4
2026-04-01 14:35:29,633 [raptor.universe] INFO: Universe from cache: 136 symbols
2026-04-01 14:35:29,634 [raptor.main] INFO: Dynamic universe: 136 symbols
2026-04-01 14:35:38,896 [raptor.data_feeds] INFO: Fetched bars for 136 / 136 symbols
2026-04-01 14:35:38,921 [raptor.data_feeds] INFO: FRED regime: NEUTRAL (score=-0.100)
2026-04-01 14:35:40,549 [raptor.main] INFO: Data: 136 symbols | Macro: NEUTRAL (-0.100) | Sentiment: 136 symbols
2026-04-01 14:35:43,138 [raptor.signals] INFO: Signals: 1 from 136 syms (regime=NEUTRAL)
2026-04-01 14:35:43,139 [raptor.signals] INFO: Composite: mean=-0.0057 std=0.1975 max=0.4634
2026-04-01 14:35:43,140 [raptor.main] INFO: No signals today. Patience.
2026-04-01 14:36:43,144 [raptor.main] INFO: ============================================================
2026-04-01 14:36:43,145 [raptor.main] INFO: RAPTOR v5.2.0 DAILY SCAN — 2026-04-01T14:36:43.145452
2026-04-01 14:36:43,145 [raptor.main] INFO: ============================================================
2026-04-01 14:36:43,147 [raptor.data_feeds] INFO: DataManager initialized with all feeds
2026-04-01 14:36:43,875 [raptor.main] INFO: Account: equity=$103831.01  cash=$88259.42  positions=4
2026-04-01 14:36:43,877 [raptor.universe] INFO: Universe from cache: 136 symbols
2026-04-01 14:36:43,877 [raptor.main] INFO: Dynamic universe: 136 symbols
2026-04-01 14:36:53,648 [raptor.data_feeds] INFO: Fetched bars for 136 / 136 symbols
2026-04-01 14:36:53,675 [raptor.data_feeds] INFO: FRED regime: NEUTRAL (score=-0.100)
2026-04-01 14:36:55,447 [raptor.main] INFO: Data: 136 symbols | Macro: NEUTRAL (-0.100) | Sentiment: 136 symbols
2026-04-01 14:36:58,092 [raptor.signals] INFO: Signals: 0 from 136 syms (regime=NEUTRAL)
2026-04-01 14:36:58,093 [raptor.signals] INFO: Composite: mean=-0.0049 std=0.1968 max=0.4456
2026-04-01 14:36:58,093 [raptor.main] INFO: No signals today. Patience.
2026-04-01 14:37:58,099 [raptor.main] INFO: ============================================================
2026-04-01 14:37:58,100 [raptor.main] INFO: RAPTOR v5.2.0 DAILY SCAN — 2026-04-01T14:37:58.100604
2026-04-01 14:37:58,101 [raptor.main] INFO: ============================================================
2026-04-01 14:37:58,102 [raptor.data_feeds] INFO: DataManager initialized with all feeds
2026-04-01 14:37:58,835 [raptor.main] INFO: Account: equity=$103821.53  cash=$88259.42  positions=4
2026-04-01 14:37:58,837 [raptor.universe] INFO: Universe from cache: 136 symbols
2026-04-01 14:37:58,837 [raptor.main] INFO: Dynamic universe: 136 symbols
2026-04-01 14:38:09,109 [raptor.data_feeds] INFO: Fetched bars for 136 / 136 symbols
2026-04-01 14:38:09,137 [raptor.data_feeds] INFO: FRED regime: NEUTRAL (score=-0.100)
2026-04-01 14:38:10,735 [raptor.main] INFO: Data: 136 symbols | Macro: NEUTRAL (-0.100) | Sentiment: 136 symbols
2026-04-01 14:38:13,273 [raptor.signals] INFO: Signals: 1 from 136 syms (regime=NEUTRAL)
2026-04-01 14:38:13,274 [raptor.signals] INFO: Composite: mean=-0.0053 std=0.1964 max=0.4516
2026-04-01 14:38:13,274 [raptor.main] INFO: No signals today. Patience.
2026-04-01 14:39:13,280 [raptor.main] INFO: ============================================================
2026-04-01 14:39:13,281 [raptor.main] INFO: RAPTOR v5.2.0 DAILY SCAN — 2026-04-01T14:39:13.281446
2026-04-01 14:39:13,281 [raptor.main] INFO: ============================================================
2026-04-01 14:39:13,282 [raptor.data_feeds] INFO: DataManager initialized with all feeds
2026-04-01 14:39:13,900 [raptor.main] INFO: Account: equity=$103834.35  cash=$88259.42  positions=4
2026-04-01 14:39:13,902 [raptor.universe] INFO: Universe from cache: 136 symbols
2026-04-01 14:39:13,902 [raptor.main] INFO: Dynamic universe: 136 symbols
2026-04-01 14:39:23,780 [raptor.data_feeds] INFO: Fetched bars for 136 / 136 symbols
2026-04-01 14:39:23,806 [raptor.data_feeds] INFO: FRED regime: NEUTRAL (score=-0.100)
2026-04-01 14:39:25,303 [raptor.main] INFO: Data: 136 symbols | Macro: NEUTRAL (-0.100) | Sentiment: 136 symbols
2026-04-01 14:39:27,830 [raptor.signals] INFO: Signals: 0 from 136 syms (regime=NEUTRAL)
2026-04-01 14:39:27,831 [raptor.signals] INFO: Composite: mean=-0.0048 std=0.1964 max=0.4421
2026-04-01 14:39:27,831 [raptor.main] INFO: No signals today. Patience.
2026-04-01 14:40:27,837 [raptor.main] INFO: ============================================================
2026-04-01 14:40:27,837 [raptor.main] INFO: RAPTOR v5.2.0 DAILY SCAN — 2026-04-01T14:40:27.837576
2026-04-01 14:40:27,837 [raptor.main] INFO: ============================================================
2026-04-01 14:40:27,838 [raptor.data_feeds] INFO: DataManager initialized with all feeds
2026-04-01 14:40:28,551 [raptor.main] INFO: Account: equity=$103854.42  cash=$88259.42  positions=4
2026-04-01 14:40:28,553 [raptor.universe] INFO: Universe from cache: 136 symbols
2026-04-01 14:40:28,554 [raptor.main] INFO: Dynamic universe: 136 symbols
2026-04-01 14:40:37,113 [raptor.data_feeds] INFO: Fetched bars for 136 / 136 symbols
2026-04-01 14:40:37,138 [raptor.data_feeds] INFO: FRED regime: NEUTRAL (score=-0.100)
2026-04-01 14:40:38,595 [raptor.main] INFO: Data: 136 symbols | Macro: NEUTRAL (-0.100) | Sentiment: 136 symbols
2026-04-01 14:40:41,161 [raptor.signals] INFO: Signals: 1 from 136 syms (regime=NEUTRAL)
2026-04-01 14:40:41,161 [raptor.signals] INFO: Composite: mean=-0.0050 std=0.1976 max=0.4673
2026-04-01 14:40:41,162 [raptor.main] INFO: No signals today. Patience.
2026-04-01 14:41:41,167 [raptor.main] INFO: ============================================================
2026-04-01 14:41:41,167 [raptor.main] INFO: RAPTOR v5.2.0 DAILY SCAN — 2026-04-01T14:41:41.167801
2026-04-01 14:41:41,168 [raptor.main] INFO: ============================================================
2026-04-01 14:41:41,169 [raptor.data_feeds] INFO: DataManager initialized with all feeds
2026-04-01 14:41:41,770 [raptor.main] INFO: Account: equity=$103858.06  cash=$88259.42  positions=4
2026-04-01 14:41:41,772 [raptor.universe] INFO: Universe from cache: 136 symbols
2026-04-01 14:41:41,772 [raptor.main] INFO: Dynamic universe: 136 symbols
2026-04-01 14:41:50,526 [raptor.data_feeds] INFO: Fetched bars for 136 / 136 symbols
2026-04-01 14:41:50,551 [raptor.data_feeds] INFO: FRED regime: NEUTRAL (score=-0.100)
2026-04-01 14:41:52,014 [raptor.main] INFO: Data: 136 symbols | Macro: NEUTRAL (-0.100) | Sentiment: 136 symbols
2026-04-01 14:41:54,543 [raptor.signals] INFO: Signals: 1 from 136 syms (regime=NEUTRAL)
2026-04-01 14:41:54,543 [raptor.signals] INFO: Composite: mean=-0.0057 std=0.1986 max=0.4851
2026-04-01 14:41:54,544 [raptor.main] INFO: No signals today. Patience.
2026-04-01 14:42:54,548 [raptor.main] INFO: ============================================================
2026-04-01 14:42:54,549 [raptor.main] INFO: RAPTOR v5.2.0 DAILY SCAN — 2026-04-01T14:42:54.549287
2026-04-01 14:42:54,549 [raptor.main] INFO: ============================================================
2026-04-01 14:42:54,550 [raptor.data_feeds] INFO: DataManager initialized with all feeds
2026-04-01 14:42:55,011 [raptor.main] INFO: Account: equity=$103852.40  cash=$88259.42  positions=4
2026-04-01 14:42:55,013 [raptor.universe] INFO: Universe from cache: 136 symbols
2026-04-01 14:42:55,014 [raptor.main] INFO: Dynamic universe: 136 symbols
2026-04-01 14:43:04,792 [raptor.data_feeds] INFO: Fetched bars for 136 / 136 symbols
2026-04-01 14:43:04,818 [raptor.data_feeds] INFO: FRED regime: NEUTRAL (score=-0.100)
2026-04-01 14:43:06,721 [raptor.main] INFO: Data: 136 symbols | Macro: NEUTRAL (-0.100) | Sentiment: 136 symbols
2026-04-01 14:43:09,243 [raptor.signals] INFO: Signals: 1 from 136 syms (regime=NEUTRAL)
2026-04-01 14:43:09,244 [raptor.signals] INFO: Composite: mean=-0.0050 std=0.1993 max=0.4996
2026-04-01 14:43:09,245 [raptor.main] INFO: No signals today. Patience.
2026-04-01 14:44:09,250 [raptor.main] INFO: ============================================================
2026-04-01 14:44:09,251 [raptor.main] INFO: RAPTOR v5.2.0 DAILY SCAN — 2026-04-01T14:44:09.251221
2026-04-01 14:44:09,251 [raptor.main] INFO: ============================================================
2026-04-01 14:44:09,252 [raptor.data_feeds] INFO: DataManager initialized with all feeds
2026-04-01 14:44:09,950 [raptor.main] INFO: Account: equity=$103835.23  cash=$88259.42  positions=4
2026-04-01 14:44:09,952 [raptor.universe] INFO: Universe from cache: 136 symbols
2026-04-01 14:44:09,952 [raptor.main] INFO: Dynamic universe: 136 symbols
2026-04-01 14:44:18,537 [raptor.data_feeds] INFO: Fetched bars for 136 / 136 symbols
2026-04-01 14:44:18,561 [raptor.data_feeds] INFO: FRED regime: NEUTRAL (score=-0.100)
2026-04-01 14:44:20,282 [raptor.main] INFO: Data: 136 symbols | Macro: NEUTRAL (-0.100) | Sentiment: 136 symbols
2026-04-01 14:44:22,838 [raptor.signals] INFO: Signals: 1 from 136 syms (regime=NEUTRAL)
2026-04-01 14:44:22,838 [raptor.signals] INFO: Composite: mean=-0.0053 std=0.1986 max=0.4720
2026-04-01 14:44:22,839 [raptor.main] INFO: No signals today. Patience.
2026-04-01 14:45:22,845 [raptor.main] INFO: ============================================================
2026-04-01 14:45:22,845 [raptor.main] INFO: RAPTOR v5.2.0 DAILY SCAN — 2026-04-01T14:45:22.845705
2026-04-01 14:45:22,846 [raptor.main] INFO: ============================================================
2026-04-01 14:45:22,847 [raptor.data_feeds] INFO: DataManager initialized with all feeds
2026-04-01 14:45:23,477 [raptor.main] INFO: Account: equity=$103831.44  cash=$88259.42  positions=4
2026-04-01 14:45:23,478 [raptor.universe] INFO: Universe from cache: 136 symbols
2026-04-01 14:45:23,479 [raptor.main] INFO: Dynamic universe: 136 symbols
2026-04-01 14:45:34,282 [raptor.data_feeds] INFO: Fetched bars for 136 / 136 symbols
2026-04-01 14:45:34,308 [raptor.data_feeds] INFO: FRED regime: NEUTRAL (score=-0.100)
2026-04-01 14:45:36,261 [raptor.main] INFO: Data: 136 symbols | Macro: NEUTRAL (-0.100) | Sentiment: 136 symbols
2026-04-01 14:45:38,792 [raptor.signals] INFO: Signals: 1 from 136 syms (regime=NEUTRAL)
2026-04-01 14:45:38,792 [raptor.signals] INFO: Composite: mean=-0.0052 std=0.1981 max=0.4664
2026-04-01 14:45:38,793 [raptor.main] INFO: No signals today. Patience.
2026-04-01 14:46:38,798 [raptor.main] INFO: ============================================================
2026-04-01 14:46:38,799 [raptor.main] INFO: RAPTOR v5.2.0 DAILY SCAN — 2026-04-01T14:46:38.799052
2026-04-01 14:46:38,799 [raptor.main] INFO: ============================================================
2026-04-01 14:46:38,800 [raptor.data_feeds] INFO: DataManager initialized with all feeds
2026-04-01 14:46:39,563 [raptor.main] INFO: Account: equity=$103812.46  cash=$88259.42  positions=4
2026-04-01 14:46:39,565 [raptor.universe] INFO: Universe from cache: 136 symbols
2026-04-01 14:46:39,566 [raptor.main] INFO: Dynamic universe: 136 symbols
2026-04-01 14:46:46,842 [raptor.data_feeds] INFO: Fetched bars for 136 / 136 symbols
2026-04-01 14:46:46,867 [raptor.data_feeds] INFO: FRED regime: NEUTRAL (score=-0.100)
2026-04-01 14:46:48,567 [raptor.main] INFO: Data: 136 symbols | Macro: NEUTRAL (-0.100) | Sentiment: 136 symbols
2026-04-01 14:46:51,099 [raptor.signals] INFO: Signals: 1 from 136 syms (regime=NEUTRAL)
2026-04-01 14:46:51,100 [raptor.signals] INFO: Composite: mean=-0.0054 std=0.1980 max=0.4726
2026-04-01 14:46:51,101 [raptor.main] INFO: No signals today. Patience.
2026-04-01 14:47:51,107 [raptor.main] INFO: ============================================================
2026-04-01 14:47:51,107 [raptor.main] INFO: RAPTOR v5.2.0 DAILY SCAN — 2026-04-01T14:47:51.107885
2026-04-01 14:47:51,108 [raptor.main] INFO: ============================================================
2026-04-01 14:47:51,109 [raptor.data_feeds] INFO: DataManager initialized with all feeds
2026-04-01 14:47:51,759 [raptor.main] INFO: Account: equity=$103827.59  cash=$88259.42  positions=4
2026-04-01 14:47:51,761 [raptor.universe] INFO: Universe from cache: 136 symbols
2026-04-01 14:47:51,761 [raptor.main] INFO: Dynamic universe: 136 symbols
2026-04-01 14:47:59,689 [raptor.data_feeds] INFO: Fetched bars for 136 / 136 symbols
2026-04-01 14:47:59,714 [raptor.data_feeds] INFO: FRED regime: NEUTRAL (score=-0.100)
2026-04-01 14:48:01,162 [raptor.main] INFO: Data: 136 symbols | Macro: NEUTRAL (-0.100) | Sentiment: 136 symbols
2026-04-01 14:48:03,759 [raptor.signals] INFO: Signals: 1 from 136 syms (regime=NEUTRAL)
2026-04-01 14:48:03,760 [raptor.signals] INFO: Composite: mean=-0.0050 std=0.1978 max=0.4624
2026-04-01 14:48:03,760 [raptor.main] INFO: No signals today. Patience.
2026-04-01 14:49:03,767 [raptor.main] INFO: ============================================================
2026-04-01 14:49:03,767 [raptor.main] INFO: RAPTOR v5.2.0 DAILY SCAN — 2026-04-01T14:49:03.767414
2026-04-01 14:49:03,767 [raptor.main] INFO: ============================================================
2026-04-01 14:49:03,768 [raptor.data_feeds] INFO: DataManager initialized with all feeds
2026-04-01 14:49:04,466 [raptor.main] INFO: Account: equity=$103827.43  cash=$88259.42  positions=4
2026-04-01 14:49:04,468 [raptor.universe] INFO: Universe from cache: 136 symbols
2026-04-01 14:49:04,468 [raptor.main] INFO: Dynamic universe: 136 symbols
2026-04-01 14:49:10,984 [raptor.data_feeds] INFO: Fetched bars for 136 / 136 symbols
2026-04-01 14:49:11,011 [raptor.data_feeds] INFO: FRED regime: NEUTRAL (score=-0.100)
2026-04-01 14:49:12,822 [raptor.main] INFO: Data: 136 symbols | Macro: NEUTRAL (-0.100) | Sentiment: 136 symbols
2026-04-01 14:49:15,354 [raptor.signals] INFO: Signals: 1 from 136 syms (regime=NEUTRAL)
2026-04-01 14:49:15,355 [raptor.signals] INFO: Composite: mean=-0.0053 std=0.1982 max=0.4735
2026-04-01 14:49:15,356 [raptor.main] INFO: No signals today. Patience.
2026-04-01 14:50:15,361 [raptor.main] INFO: ============================================================
2026-04-01 14:50:15,361 [raptor.main] INFO: RAPTOR v5.2.0 DAILY SCAN — 2026-04-01T14:50:15.361645
2026-04-01 14:50:15,361 [raptor.main] INFO: ============================================================
2026-04-01 14:50:15,363 [raptor.data_feeds] INFO: DataManager initialized with all feeds
2026-04-01 14:50:16,047 [raptor.main] INFO: Account: equity=$103826.89  cash=$88259.42  positions=4
2026-04-01 14:50:16,048 [raptor.universe] INFO: Universe from cache: 136 symbols
2026-04-01 14:50:16,049 [raptor.main] INFO: Dynamic universe: 136 symbols
2026-04-01 14:50:24,201 [raptor.data_feeds] INFO: Fetched bars for 136 / 136 symbols
2026-04-01 14:50:24,225 [raptor.data_feeds] INFO: FRED regime: NEUTRAL (score=-0.100)
2026-04-01 14:50:25,633 [raptor.main] INFO: Data: 136 symbols | Macro: NEUTRAL (-0.100) | Sentiment: 136 symbols
2026-04-01 14:50:28,175 [raptor.signals] INFO: Signals: 1 from 136 syms (regime=NEUTRAL)
2026-04-01 14:50:28,175 [raptor.signals] INFO: Composite: mean=-0.0053 std=0.1980 max=0.4727
2026-04-01 14:50:28,176 [raptor.main] INFO: No signals today. Patience.
2026-04-01 14:51:28,182 [raptor.main] INFO: ============================================================
2026-04-01 14:51:28,183 [raptor.main] INFO: RAPTOR v5.2.0 DAILY SCAN — 2026-04-01T14:51:28.183358
2026-04-01 14:51:28,183 [raptor.main] INFO: ============================================================
2026-04-01 14:51:28,184 [raptor.data_feeds] INFO: DataManager initialized with all feeds
2026-04-01 14:51:28,857 [raptor.main] INFO: Account: equity=$103830.71  cash=$88259.42  positions=4
2026-04-01 14:51:28,859 [raptor.universe] INFO: Universe from cache: 136 symbols
2026-04-01 14:51:28,859 [raptor.main] INFO: Dynamic universe: 136 symbols
2026-04-01 14:51:36,282 [raptor.data_feeds] INFO: Fetched bars for 136 / 136 symbols
2026-04-01 14:51:36,306 [raptor.data_feeds] INFO: FRED regime: NEUTRAL (score=-0.100)
2026-04-01 14:51:38,283 [raptor.main] INFO: Data: 136 symbols | Macro: NEUTRAL (-0.100) | Sentiment: 136 symbols
2026-04-01 14:51:40,959 [raptor.signals] INFO: Signals: 1 from 136 syms (regime=NEUTRAL)
2026-04-01 14:51:40,960 [raptor.signals] INFO: Composite: mean=-0.0053 std=0.1976 max=0.4670
2026-04-01 14:51:40,960 [raptor.main] INFO: No signals today. Patience.
2026-04-01 14:52:40,967 [raptor.main] INFO: ============================================================
2026-04-01 14:52:40,967 [raptor.main] INFO: RAPTOR v5.2.0 DAILY SCAN — 2026-04-01T14:52:40.967757
2026-04-01 14:52:40,968 [raptor.main] INFO: ============================================================
2026-04-01 14:52:40,969 [raptor.data_feeds] INFO: DataManager initialized with all feeds
2026-04-01 14:52:41,564 [raptor.main] INFO: Account: equity=$103834.48  cash=$88259.42  positions=4
2026-04-01 14:52:41,566 [raptor.universe] INFO: Universe from cache: 136 symbols
2026-04-01 14:52:41,566 [raptor.main] INFO: Dynamic universe: 136 symbols
2026-04-01 14:52:47,963 [raptor.data_feeds] INFO: Fetched bars for 136 / 136 symbols
2026-04-01 14:52:47,988 [raptor.data_feeds] INFO: FRED regime: NEUTRAL (score=-0.100)
2026-04-01 14:52:49,395 [raptor.main] INFO: Data: 136 symbols | Macro: NEUTRAL (-0.100) | Sentiment: 136 symbols
2026-04-01 14:52:51,958 [raptor.signals] INFO: Signals: 1 from 136 syms (regime=NEUTRAL)
2026-04-01 14:52:51,958 [raptor.signals] INFO: Composite: mean=-0.0051 std=0.1971 max=0.4599
2026-04-01 14:52:51,959 [raptor.main] INFO: No signals today. Patience.
2026-04-01 14:53:51,965 [raptor.main] INFO: ============================================================
2026-04-01 14:53:51,965 [raptor.main] INFO: RAPTOR v5.2.0 DAILY SCAN — 2026-04-01T14:53:51.965604
2026-04-01 14:53:51,965 [raptor.main] INFO: ============================================================
2026-04-01 14:53:51,967 [raptor.data_feeds] INFO: DataManager initialized with all feeds
2026-04-01 14:53:52,633 [raptor.main] INFO: Account: equity=$103824.34  cash=$88259.42  positions=4
2026-04-01 14:53:52,635 [raptor.universe] INFO: Universe from cache: 136 symbols
2026-04-01 14:53:52,636 [raptor.main] INFO: Dynamic universe: 136 symbols
2026-04-01 14:53:59,382 [raptor.data_feeds] INFO: Fetched bars for 136 / 136 symbols
2026-04-01 14:53:59,406 [raptor.data_feeds] INFO: FRED regime: NEUTRAL (score=-0.100)
2026-04-01 14:54:00,869 [raptor.main] INFO: Data: 136 symbols | Macro: NEUTRAL (-0.100) | Sentiment: 136 symbols
2026-04-01 14:54:03,385 [raptor.signals] INFO: Signals: 1 from 136 syms (regime=NEUTRAL)
2026-04-01 14:54:03,386 [raptor.signals] INFO: Composite: mean=-0.0052 std=0.1973 max=0.4625
2026-04-01 14:54:03,387 [raptor.main] INFO: No signals today. Patience.
2026-04-01 14:55:03,393 [raptor.main] INFO: ============================================================
2026-04-01 14:55:03,393 [raptor.main] INFO: RAPTOR v5.2.0 DAILY SCAN — 2026-04-01T14:55:03.393941
2026-04-01 14:55:03,394 [raptor.main] INFO: ============================================================
2026-04-01 14:55:03,395 [raptor.data_feeds] INFO: DataManager initialized with all feeds
2026-04-01 14:55:04,009 [raptor.main] INFO: Account: equity=$103829.43  cash=$88259.42  positions=4
2026-04-01 14:55:04,011 [raptor.universe] INFO: Universe from cache: 136 symbols
2026-04-01 14:55:04,012 [raptor.main] INFO: Dynamic universe: 136 symbols
2026-04-01 14:55:14,396 [raptor.data_feeds] INFO: Fetched bars for 136 / 136 symbols
2026-04-01 14:55:14,421 [raptor.data_feeds] INFO: FRED regime: NEUTRAL (score=-0.100)
2026-04-01 14:55:16,086 [raptor.main] INFO: Data: 136 symbols | Macro: NEUTRAL (-0.100) | Sentiment: 136 symbols
2026-04-01 14:55:18,594 [raptor.signals] INFO: Signals: 1 from 136 syms (regime=NEUTRAL)
2026-04-01 14:55:18,595 [raptor.signals] INFO: Composite: mean=-0.0051 std=0.1979 max=0.4669
2026-04-01 14:55:18,596 [raptor.main] INFO: No signals today. Patience.
2026-04-01 14:56:18,601 [raptor.main] INFO: ============================================================
2026-04-01 14:56:18,602 [raptor.main] INFO: RAPTOR v5.2.0 DAILY SCAN — 2026-04-01T14:56:18.602089
2026-04-01 14:56:18,602 [raptor.main] INFO: ============================================================
2026-04-01 14:56:18,602 [raptor.data_feeds] INFO: DataManager initialized with all feeds
2026-04-01 14:56:19,175 [raptor.main] INFO: Account: equity=$103825.12  cash=$88259.42  positions=4
2026-04-01 14:56:19,177 [raptor.universe] INFO: Universe from cache: 136 symbols
2026-04-01 14:56:19,177 [raptor.main] INFO: Dynamic universe: 136 symbols
2026-04-01 14:56:25,081 [raptor.data_feeds] INFO: Fetched bars for 136 / 136 symbols
2026-04-01 14:56:25,106 [raptor.data_feeds] INFO: FRED regime: NEUTRAL (score=-0.100)
2026-04-01 14:56:26,578 [raptor.main] INFO: Data: 136 symbols | Macro: NEUTRAL (-0.100) | Sentiment: 136 symbols
2026-04-01 14:56:29,113 [raptor.signals] INFO: Signals: 1 from 136 syms (regime=NEUTRAL)
2026-04-01 14:56:29,113 [raptor.signals] INFO: Composite: mean=-0.0052 std=0.1939 max=0.4636
2026-04-01 14:56:29,114 [raptor.main] INFO: No signals today. Patience.
2026-04-01 14:57:29,121 [raptor.main] INFO: ============================================================
2026-04-01 14:57:29,122 [raptor.main] INFO: RAPTOR v5.2.0 DAILY SCAN — 2026-04-01T14:57:29.122618
2026-04-01 14:57:29,123 [raptor.main] INFO: ============================================================
2026-04-01 14:57:29,124 [raptor.data_feeds] INFO: DataManager initialized with all feeds
2026-04-01 14:57:29,731 [raptor.main] INFO: Account: equity=$103811.92  cash=$88259.42  positions=4
2026-04-01 14:57:29,734 [raptor.universe] INFO: Universe from cache: 136 symbols
2026-04-01 14:57:29,734 [raptor.main] INFO: Dynamic universe: 136 symbols
2026-04-01 14:57:37,477 [raptor.data_feeds] INFO: Fetched bars for 136 / 136 symbols
2026-04-01 14:57:37,502 [raptor.data_feeds] INFO: FRED regime: NEUTRAL (score=-0.100)
2026-04-01 14:57:39,443 [raptor.main] INFO: Data: 136 symbols | Macro: NEUTRAL (-0.100) | Sentiment: 136 symbols
2026-04-01 14:57:41,980 [raptor.signals] INFO: Signals: 1 from 136 syms (regime=NEUTRAL)
2026-04-01 14:57:41,981 [raptor.signals] INFO: Composite: mean=-0.0051 std=0.1941 max=0.4622
2026-04-01 14:57:41,982 [raptor.main] INFO: No signals today. Patience.
2026-04-01 14:58:41,989 [raptor.main] INFO: ============================================================
2026-04-01 14:58:41,991 [raptor.main] INFO: RAPTOR v5.2.0 DAILY SCAN — 2026-04-01T14:58:41.991607
2026-04-01 14:58:41,992 [raptor.main] INFO: ============================================================
2026-04-01 14:58:41,993 [raptor.data_feeds] INFO: DataManager initialized with all feeds
2026-04-01 14:58:42,644 [raptor.main] INFO: Account: equity=$103822.21  cash=$88259.42  positions=4
2026-04-01 14:58:42,646 [raptor.universe] INFO: Universe from cache: 136 symbols
2026-04-01 14:58:42,646 [raptor.main] INFO: Dynamic universe: 136 symbols
2026-04-01 14:58:50,336 [raptor.data_feeds] INFO: Fetched bars for 136 / 136 symbols
2026-04-01 14:58:50,361 [raptor.data_feeds] INFO: FRED regime: NEUTRAL (score=-0.100)
2026-04-01 14:58:51,828 [raptor.main] INFO: Data: 136 symbols | Macro: NEUTRAL (-0.100) | Sentiment: 136 symbols
2026-04-01 14:58:54,339 [raptor.signals] INFO: Signals: 1 from 136 syms (regime=NEUTRAL)
2026-04-01 14:58:54,340 [raptor.signals] INFO: Composite: mean=-0.0050 std=0.1942 max=0.4625
2026-04-01 14:58:54,341 [raptor.main] INFO: No signals today. Patience.
2026-04-01 14:59:54,346 [raptor.main] INFO: ============================================================
2026-04-01 14:59:54,347 [raptor.main] INFO: RAPTOR v5.2.0 DAILY SCAN — 2026-04-01T14:59:54.347395
2026-04-01 14:59:54,347 [raptor.main] INFO: ============================================================
2026-04-01 14:59:54,348 [raptor.data_feeds] INFO: DataManager initialized with all feeds
2026-04-01 14:59:55,146 [raptor.main] INFO: Account: equity=$103817.56  cash=$88259.42  positions=4
2026-04-01 14:59:55,148 [raptor.universe] INFO: Universe from cache: 136 symbols
2026-04-01 14:59:55,148 [raptor.main] INFO: Dynamic universe: 136 symbols
2026-04-01 15:00:01,971 [raptor.data_feeds] INFO: Fetched bars for 136 / 136 symbols
2026-04-01 15:00:01,997 [raptor.data_feeds] INFO: FRED regime: NEUTRAL (score=-0.100)
2026-04-01 15:00:03,491 [raptor.main] INFO: Data: 136 symbols | Macro: NEUTRAL (-0.100) | Sentiment: 136 symbols
2026-04-01 15:00:06,043 [raptor.signals] INFO: Signals: 1 from 136 syms (regime=NEUTRAL)
2026-04-01 15:00:06,044 [raptor.signals] INFO: Composite: mean=-0.0050 std=0.1940 max=0.4611
2026-04-01 15:00:06,045 [raptor.main] INFO: No signals today. Patience.
2026-04-01 15:01:06,051 [raptor.main] INFO: ============================================================
2026-04-01 15:01:06,052 [raptor.main] INFO: RAPTOR v5.2.0 DAILY SCAN — 2026-04-01T15:01:06.052271
2026-04-01 15:01:06,052 [raptor.main] INFO: ============================================================
2026-04-01 15:01:06,053 [raptor.data_feeds] INFO: DataManager initialized with all feeds
2026-04-01 15:01:06,727 [raptor.main] INFO: Account: equity=$103809.56  cash=$88259.42  positions=4
2026-04-01 15:01:06,729 [raptor.universe] INFO: Universe from cache: 136 symbols
2026-04-01 15:01:06,729 [raptor.main] INFO: Dynamic universe: 136 symbols
2026-04-01 15:01:18,547 [raptor.data_feeds] INFO: Fetched bars for 136 / 136 symbols
2026-04-01 15:01:18,572 [raptor.data_feeds] INFO: FRED regime: NEUTRAL (score=-0.100)
2026-04-01 15:01:19,983 [raptor.main] INFO: Data: 136 symbols | Macro: NEUTRAL (-0.100) | Sentiment: 136 symbols
2026-04-01 15:01:22,503 [raptor.signals] INFO: Signals: 1 from 136 syms (regime=NEUTRAL)
2026-04-01 15:01:22,504 [raptor.signals] INFO: Composite: mean=-0.0048 std=0.1944 max=0.4662
2026-04-01 15:01:22,505 [raptor.main] INFO: No signals today. Patience.
2026-04-01 15:02:22,510 [raptor.main] INFO: ============================================================
2026-04-01 15:02:22,511 [raptor.main] INFO: RAPTOR v5.2.0 DAILY SCAN — 2026-04-01T15:02:22.511009
2026-04-01 15:02:22,511 [raptor.main] INFO: ============================================================
2026-04-01 15:02:22,512 [raptor.data_feeds] INFO: DataManager initialized with all feeds
2026-04-01 15:02:22,998 [raptor.main] INFO: Account: equity=$103814.15  cash=$88259.42  positions=4
2026-04-01 15:02:23,000 [raptor.universe] INFO: Universe from cache: 136 symbols
2026-04-01 15:02:23,000 [raptor.main] INFO: Dynamic universe: 136 symbols
2026-04-01 15:02:32,549 [raptor.data_feeds] INFO: Fetched bars for 136 / 136 symbols
2026-04-01 15:02:32,574 [raptor.data_feeds] INFO: FRED regime: NEUTRAL (score=-0.100)
2026-04-01 15:02:34,023 [raptor.main] INFO: Data: 136 symbols | Macro: NEUTRAL (-0.100) | Sentiment: 136 symbols
2026-04-01 15:02:36,569 [raptor.signals] INFO: Signals: 1 from 136 syms (regime=NEUTRAL)
2026-04-01 15:02:36,570 [raptor.signals] INFO: Composite: mean=-0.0049 std=0.1947 max=0.4705
2026-04-01 15:02:36,570 [raptor.main] INFO: No signals today. Patience.
2026-04-01 15:03:36,576 [raptor.main] INFO: ============================================================
2026-04-01 15:03:36,577 [raptor.main] INFO: RAPTOR v5.2.0 DAILY SCAN — 2026-04-01T15:03:36.577148
2026-04-01 15:03:36,577 [raptor.main] INFO: ============================================================
2026-04-01 15:03:36,578 [raptor.data_feeds] INFO: DataManager initialized with all feeds
2026-04-01 15:03:37,263 [raptor.main] INFO: Account: equity=$103802.73  cash=$88259.42  positions=4
2026-04-01 15:03:37,265 [raptor.universe] INFO: Universe from cache: 136 symbols
2026-04-01 15:03:37,266 [raptor.main] INFO: Dynamic universe: 136 symbols
2026-04-01 15:03:43,899 [raptor.data_feeds] INFO: Fetched bars for 136 / 136 symbols
2026-04-01 15:03:43,925 [raptor.data_feeds] INFO: FRED regime: NEUTRAL (score=-0.100)
2026-04-01 15:03:45,339 [raptor.main] INFO: Data: 136 symbols | Macro: NEUTRAL (-0.100) | Sentiment: 136 symbols
2026-04-01 15:03:47,867 [raptor.signals] INFO: Signals: 1 from 136 syms (regime=NEUTRAL)
2026-04-01 15:03:47,867 [raptor.signals] INFO: Composite: mean=-0.0050 std=0.1948 max=0.4662
2026-04-01 15:03:47,868 [raptor.main] INFO: No signals today. Patience.
2026-04-01 15:04:47,875 [raptor.main] INFO: ============================================================
2026-04-01 15:04:47,875 [raptor.main] INFO: RAPTOR v5.2.0 DAILY SCAN — 2026-04-01T15:04:47.875622
2026-04-01 15:04:47,876 [raptor.main] INFO: ============================================================
2026-04-01 15:04:47,877 [raptor.data_feeds] INFO: DataManager initialized with all feeds
2026-04-01 15:04:48,433 [raptor.main] INFO: Account: equity=$103808.91  cash=$88259.42  positions=4
2026-04-01 15:04:48,435 [raptor.universe] INFO: Universe from cache: 136 symbols
2026-04-01 15:04:48,436 [raptor.main] INFO: Dynamic universe: 136 symbols
2026-04-01 15:04:54,783 [raptor.data_feeds] INFO: Fetched bars for 136 / 136 symbols
2026-04-01 15:04:54,816 [raptor.data_feeds] INFO: FRED regime: NEUTRAL (score=-0.100)
2026-04-01 15:04:56,304 [raptor.main] INFO: Data: 136 symbols | Macro: NEUTRAL (-0.100) | Sentiment: 136 symbols
2026-04-01 15:04:58,811 [raptor.signals] INFO: Signals: 1 from 136 syms (regime=NEUTRAL)
2026-04-01 15:04:58,812 [raptor.signals] INFO: Composite: mean=-0.0052 std=0.1948 max=0.4622
2026-04-01 15:04:58,813 [raptor.main] INFO: No signals today. Patience.
2026-04-01 15:05:58,818 [raptor.main] INFO: ============================================================
2026-04-01 15:05:58,819 [raptor.main] INFO: RAPTOR v5.2.0 DAILY SCAN — 2026-04-01T15:05:58.819182
2026-04-01 15:05:58,819 [raptor.main] INFO: ============================================================
2026-04-01 15:05:58,820 [raptor.data_feeds] INFO: DataManager initialized with all feeds
2026-04-01 15:05:59,400 [raptor.main] INFO: Account: equity=$103818.96  cash=$88259.42  positions=4
2026-04-01 15:05:59,402 [raptor.universe] INFO: Universe from cache: 136 symbols
2026-04-01 15:05:59,402 [raptor.main] INFO: Dynamic universe: 136 symbols
2026-04-01 15:06:08,235 [raptor.data_feeds] INFO: Fetched bars for 136 / 136 symbols
2026-04-01 15:06:08,260 [raptor.data_feeds] INFO: FRED regime: NEUTRAL (score=-0.100)
2026-04-01 15:06:09,730 [raptor.main] INFO: Data: 136 symbols | Macro: NEUTRAL (-0.100) | Sentiment: 136 symbols
2026-04-01 15:06:12,251 [raptor.signals] INFO: Signals: 1 from 136 syms (regime=NEUTRAL)
2026-04-01 15:06:12,251 [raptor.signals] INFO: Composite: mean=-0.0052 std=0.1951 max=0.4631
2026-04-01 15:06:12,252 [raptor.main] INFO: No signals today. Patience.
2026-04-01 15:07:12,257 [raptor.main] INFO: ============================================================
2026-04-01 15:07:12,258 [raptor.main] INFO: RAPTOR v5.2.0 DAILY SCAN — 2026-04-01T15:07:12.258061
2026-04-01 15:07:12,258 [raptor.main] INFO: ============================================================
2026-04-01 15:07:12,259 [raptor.data_feeds] INFO: DataManager initialized with all feeds
2026-04-01 15:07:12,988 [raptor.main] INFO: Account: equity=$103815.73  cash=$88259.42  positions=4
2026-04-01 15:07:12,991 [raptor.universe] INFO: Universe from cache: 136 symbols
2026-04-01 15:07:12,991 [raptor.main] INFO: Dynamic universe: 136 symbols
2026-04-01 15:07:21,226 [raptor.data_feeds] INFO: Fetched bars for 136 / 136 symbols
2026-04-01 15:07:21,253 [raptor.data_feeds] INFO: FRED regime: NEUTRAL (score=-0.100)
2026-04-01 15:07:23,046 [raptor.main] INFO: Data: 136 symbols | Macro: NEUTRAL (-0.100) | Sentiment: 136 symbols
2026-04-01 15:07:25,616 [raptor.signals] INFO: Signals: 1 from 136 syms (regime=NEUTRAL)
2026-04-01 15:07:25,617 [raptor.signals] INFO: Composite: mean=-0.0055 std=0.1957 max=0.4761
2026-04-01 15:07:25,618 [raptor.main] INFO: No signals today. Patience.
2026-04-01 15:08:25,623 [raptor.main] INFO: ============================================================
2026-04-01 15:08:25,624 [raptor.main] INFO: RAPTOR v5.2.0 DAILY SCAN — 2026-04-01T15:08:25.624104
2026-04-01 15:08:25,624 [raptor.main] INFO: ============================================================
2026-04-01 15:08:25,627 [raptor.data_feeds] INFO: DataManager initialized with all feeds
2026-04-01 15:08:26,348 [raptor.main] INFO: Account: equity=$103817.94  cash=$88259.42  positions=4
2026-04-01 15:08:26,350 [raptor.universe] INFO: Universe from cache: 136 symbols
2026-04-01 15:08:26,350 [raptor.main] INFO: Dynamic universe: 136 symbols
2026-04-01 15:08:32,822 [raptor.data_feeds] INFO: Fetched bars for 136 / 136 symbols
2026-04-01 15:08:32,847 [raptor.data_feeds] INFO: FRED regime: NEUTRAL (score=-0.100)
2026-04-01 15:08:34,353 [raptor.main] INFO: Data: 136 symbols | Macro: NEUTRAL (-0.100) | Sentiment: 136 symbols
2026-04-01 15:08:36,929 [raptor.signals] INFO: Signals: 1 from 136 syms (regime=NEUTRAL)
2026-04-01 15:08:36,930 [raptor.signals] INFO: Composite: mean=-0.0060 std=0.1959 max=0.4762
2026-04-01 15:08:36,931 [raptor.main] INFO: No signals today. Patience.
2026-04-01 15:09:36,936 [raptor.main] INFO: ============================================================
2026-04-01 15:09:36,938 [raptor.main] INFO: RAPTOR v5.2.0 DAILY SCAN — 2026-04-01T15:09:36.938287
2026-04-01 15:09:36,939 [raptor.main] INFO: ============================================================
2026-04-01 15:09:36,940 [raptor.data_feeds] INFO: DataManager initialized with all feeds
2026-04-01 15:09:37,625 [raptor.main] INFO: Account: equity=$103808.36  cash=$88259.42  positions=4
2026-04-01 15:09:37,627 [raptor.universe] INFO: Universe from cache: 136 symbols
2026-04-01 15:09:37,628 [raptor.main] INFO: Dynamic universe: 136 symbols
2026-04-01 15:09:45,173 [raptor.data_feeds] INFO: Fetched bars for 136 / 136 symbols
2026-04-01 15:09:45,200 [raptor.data_feeds] INFO: FRED regime: NEUTRAL (score=-0.100)
2026-04-01 15:09:46,636 [raptor.main] INFO: Data: 136 symbols | Macro: NEUTRAL (-0.100) | Sentiment: 136 symbols
2026-04-01 15:09:49,220 [raptor.signals] INFO: Signals: 1 from 136 syms (regime=NEUTRAL)
2026-04-01 15:09:49,221 [raptor.signals] INFO: Composite: mean=-0.0056 std=0.1955 max=0.4735
2026-04-01 15:09:49,222 [raptor.main] INFO: No signals today. Patience.
2026-04-01 15:10:49,230 [raptor.main] INFO: ============================================================
2026-04-01 15:10:49,231 [raptor.main] INFO: RAPTOR v5.2.0 DAILY SCAN — 2026-04-01T15:10:49.231362
2026-04-01 15:10:49,232 [raptor.main] INFO: ============================================================
2026-04-01 15:10:49,233 [raptor.data_feeds] INFO: DataManager initialized with all feeds
2026-04-01 15:10:49,860 [raptor.main] INFO: Account: equity=$103816.43  cash=$88259.42  positions=4
2026-04-01 15:10:49,861 [raptor.universe] INFO: Universe from cache: 136 symbols
2026-04-01 15:10:49,861 [raptor.main] INFO: Dynamic universe: 136 symbols
2026-04-01 15:10:57,377 [raptor.data_feeds] INFO: Fetched bars for 136 / 136 symbols
2026-04-01 15:10:57,401 [raptor.data_feeds] INFO: FRED regime: NEUTRAL (score=-0.100)
2026-04-01 15:10:58,911 [raptor.main] INFO: Data: 136 symbols | Macro: NEUTRAL (-0.100) | Sentiment: 136 symbols
2026-04-01 15:11:01,432 [raptor.signals] INFO: Signals: 1 from 136 syms (regime=NEUTRAL)
2026-04-01 15:11:01,433 [raptor.signals] INFO: Composite: mean=-0.0057 std=0.1958 max=0.4738
2026-04-01 15:11:01,433 [raptor.main] INFO: No signals today. Patience.
2026-04-01 15:12:01,439 [raptor.main] INFO: ============================================================
2026-04-01 15:12:01,439 [raptor.main] INFO: RAPTOR v5.2.0 DAILY SCAN — 2026-04-01T15:12:01.439943
2026-04-01 15:12:01,440 [raptor.main] INFO: ============================================================
2026-04-01 15:12:01,441 [raptor.data_feeds] INFO: DataManager initialized with all feeds
2026-04-01 15:12:02,117 [raptor.main] INFO: Account: equity=$103809.99  cash=$88259.42  positions=4
2026-04-01 15:12:02,120 [raptor.universe] INFO: Universe from cache: 136 symbols
2026-04-01 15:12:02,120 [raptor.main] INFO: Dynamic universe: 136 symbols
2026-04-01 15:12:10,453 [raptor.data_feeds] INFO: Fetched bars for 136 / 136 symbols
2026-04-01 15:12:10,478 [raptor.data_feeds] INFO: FRED regime: NEUTRAL (score=-0.100)
2026-04-01 15:12:11,929 [raptor.main] INFO: Data: 136 symbols | Macro: NEUTRAL (-0.100) | Sentiment: 136 symbols
2026-04-01 15:12:14,459 [raptor.signals] INFO: Signals: 1 from 136 syms (regime=NEUTRAL)
2026-04-01 15:12:14,460 [raptor.signals] INFO: Composite: mean=-0.0050 std=0.1955 max=0.4754
2026-04-01 15:12:14,460 [raptor.main] INFO: No signals today. Patience.
2026-04-01 15:13:14,465 [raptor.main] INFO: ============================================================
2026-04-01 15:13:14,466 [raptor.main] INFO: RAPTOR v5.2.0 DAILY SCAN — 2026-04-01T15:13:14.466286
2026-04-01 15:13:14,466 [raptor.main] INFO: ============================================================
2026-04-01 15:13:14,467 [raptor.data_feeds] INFO: DataManager initialized with all feeds
2026-04-01 15:13:15,030 [raptor.main] INFO: Account: equity=$103813.18  cash=$88259.42  positions=4
2026-04-01 15:13:15,032 [raptor.universe] INFO: Universe from cache: 136 symbols
2026-04-01 15:13:15,032 [raptor.main] INFO: Dynamic universe: 136 symbols
2026-04-01 15:13:22,293 [raptor.data_feeds] INFO: Fetched bars for 136 / 136 symbols
2026-04-01 15:13:22,317 [raptor.data_feeds] INFO: FRED regime: NEUTRAL (score=-0.100)
2026-04-01 15:13:23,702 [raptor.main] INFO: Data: 136 symbols | Macro: NEUTRAL (-0.100) | Sentiment: 136 symbols
2026-04-01 15:13:26,240 [raptor.signals] INFO: Signals: 1 from 136 syms (regime=NEUTRAL)
2026-04-01 15:13:26,240 [raptor.signals] INFO: Composite: mean=-0.0055 std=0.1954 max=0.4705
2026-04-01 15:13:26,241 [raptor.main] INFO: No signals today. Patience.
2026-04-01 15:14:26,246 [raptor.main] INFO: ============================================================
2026-04-01 15:14:26,246 [raptor.main] INFO: RAPTOR v5.2.0 DAILY SCAN — 2026-04-01T15:14:26.246948
2026-04-01 15:14:26,247 [raptor.main] INFO: ============================================================
2026-04-01 15:14:26,248 [raptor.data_feeds] INFO: DataManager initialized with all feeds
2026-04-01 15:14:26,816 [raptor.main] INFO: Account: equity=$103825.94  cash=$88259.42  positions=4
2026-04-01 15:14:26,818 [raptor.universe] INFO: Universe from cache: 136 symbols
2026-04-01 15:14:26,818 [raptor.main] INFO: Dynamic universe: 136 symbols
2026-04-01 15:14:33,003 [raptor.data_feeds] INFO: Fetched bars for 136 / 136 symbols
2026-04-01 15:14:33,029 [raptor.data_feeds] INFO: FRED regime: NEUTRAL (score=-0.100)
2026-04-01 15:14:34,463 [raptor.main] INFO: Data: 136 symbols | Macro: NEUTRAL (-0.100) | Sentiment: 136 symbols
2026-04-01 15:14:37,006 [raptor.signals] INFO: Signals: 1 from 136 syms (regime=NEUTRAL)
2026-04-01 15:14:37,007 [raptor.signals] INFO: Composite: mean=-0.0060 std=0.1955 max=0.4718
2026-04-01 15:14:37,007 [raptor.main] INFO: No signals today. Patience.
2026-04-01 15:15:37,013 [raptor.main] INFO: ============================================================
2026-04-01 15:15:37,013 [raptor.main] INFO: RAPTOR v5.2.0 DAILY SCAN — 2026-04-01T15:15:37.013557
2026-04-01 15:15:37,013 [raptor.main] INFO: ============================================================
2026-04-01 15:15:37,014 [raptor.data_feeds] INFO: DataManager initialized with all feeds
2026-04-01 15:15:37,680 [raptor.main] INFO: Account: equity=$103836.92  cash=$88259.42  positions=4
2026-04-01 15:15:37,682 [raptor.universe] INFO: Universe from cache: 136 symbols
2026-04-01 15:15:37,682 [raptor.main] INFO: Dynamic universe: 136 symbols
2026-04-01 15:15:45,098 [raptor.data_feeds] INFO: Fetched bars for 136 / 136 symbols
2026-04-01 15:15:45,124 [raptor.data_feeds] INFO: FRED regime: NEUTRAL (score=-0.100)
2026-04-01 15:15:46,884 [raptor.main] INFO: Data: 136 symbols | Macro: NEUTRAL (-0.100) | Sentiment: 136 symbols
2026-04-01 15:15:49,391 [raptor.signals] INFO: Signals: 1 from 136 syms (regime=NEUTRAL)
2026-04-01 15:15:49,392 [raptor.signals] INFO: Composite: mean=-0.0061 std=0.1958 max=0.4756
2026-04-01 15:15:49,393 [raptor.main] INFO: No signals today. Patience.
2026-04-01 15:16:49,398 [raptor.main] INFO: ============================================================
2026-04-01 15:16:49,399 [raptor.main] INFO: RAPTOR v5.2.0 DAILY SCAN — 2026-04-01T15:16:49.399489
2026-04-01 15:16:49,399 [raptor.main] INFO: ============================================================
2026-04-01 15:16:49,401 [raptor.data_feeds] INFO: DataManager initialized with all feeds
2026-04-01 15:16:50,063 [raptor.main] INFO: Account: equity=$103830.54  cash=$88259.42  positions=4
2026-04-01 15:16:50,065 [raptor.universe] INFO: Universe from cache: 136 symbols
2026-04-01 15:16:50,066 [raptor.main] INFO: Dynamic universe: 136 symbols
2026-04-01 15:16:57,425 [raptor.data_feeds] INFO: Fetched bars for 136 / 136 symbols
2026-04-01 15:16:57,449 [raptor.data_feeds] INFO: FRED regime: NEUTRAL (score=-0.100)
2026-04-01 15:16:58,878 [raptor.main] INFO: Data: 136 symbols | Macro: NEUTRAL (-0.100) | Sentiment: 136 symbols
2026-04-01 15:17:01,392 [raptor.signals] INFO: Signals: 1 from 136 syms (regime=NEUTRAL)
2026-04-01 15:17:01,393 [raptor.signals] INFO: Composite: mean=-0.0059 std=0.1961 max=0.4769
2026-04-01 15:17:01,393 [raptor.main] INFO: No signals today. Patience.
2026-04-01 15:18:01,399 [raptor.main] INFO: ============================================================
2026-04-01 15:18:01,400 [raptor.main] INFO: RAPTOR v5.2.0 DAILY SCAN — 2026-04-01T15:18:01.400410
2026-04-01 15:18:01,400 [raptor.main] INFO: ============================================================
2026-04-01 15:18:01,401 [raptor.data_feeds] INFO: DataManager initialized with all feeds
2026-04-01 15:18:02,148 [raptor.main] INFO: Account: equity=$103836.75  cash=$88259.42  positions=4
2026-04-01 15:18:02,150 [raptor.universe] INFO: Universe from cache: 136 symbols
2026-04-01 15:18:02,150 [raptor.main] INFO: Dynamic universe: 136 symbols
2026-04-01 15:18:09,464 [raptor.data_feeds] INFO: Fetched bars for 136 / 136 symbols
2026-04-01 15:18:09,492 [raptor.data_feeds] INFO: FRED regime: NEUTRAL (score=-0.100)
2026-04-01 15:18:11,306 [raptor.main] INFO: Data: 136 symbols | Macro: NEUTRAL (-0.100) | Sentiment: 136 symbols
2026-04-01 15:18:13,897 [raptor.signals] INFO: Signals: 1 from 136 syms (regime=NEUTRAL)
2026-04-01 15:18:13,897 [raptor.signals] INFO: Composite: mean=-0.0059 std=0.1953 max=0.4758
2026-04-01 15:18:13,898 [raptor.main] INFO: No signals today. Patience.
2026-04-01 15:19:13,904 [raptor.main] INFO: ============================================================
2026-04-01 15:19:13,904 [raptor.main] INFO: RAPTOR v5.2.0 DAILY SCAN — 2026-04-01T15:19:13.904828
2026-04-01 15:19:13,905 [raptor.main] INFO: ============================================================
2026-04-01 15:19:13,907 [raptor.data_feeds] INFO: DataManager initialized with all feeds
2026-04-01 15:19:14,471 [raptor.main] INFO: Account: equity=$103840.78  cash=$88259.42  positions=4
2026-04-01 15:19:14,473 [raptor.universe] INFO: Universe from cache: 136 symbols
2026-04-01 15:19:14,473 [raptor.main] INFO: Dynamic universe: 136 symbols
2026-04-01 15:19:20,895 [raptor.data_feeds] INFO: Fetched bars for 136 / 136 symbols
2026-04-01 15:19:20,940 [raptor.data_feeds] INFO: FRED regime: NEUTRAL (score=-0.100)
2026-04-01 15:19:22,410 [raptor.main] INFO: Data: 136 symbols | Macro: NEUTRAL (-0.100) | Sentiment: 136 symbols
2026-04-01 15:19:24,949 [raptor.signals] INFO: Signals: 1 from 136 syms (regime=NEUTRAL)
2026-04-01 15:19:24,949 [raptor.signals] INFO: Composite: mean=-0.0061 std=0.1956 max=0.4749
2026-04-01 15:19:24,950 [raptor.main] INFO: No signals today. Patience.
2026-04-01 15:20:24,955 [raptor.main] INFO: ============================================================
2026-04-01 15:20:24,956 [raptor.main] INFO: RAPTOR v5.2.0 DAILY SCAN — 2026-04-01T15:20:24.956454
2026-04-01 15:20:24,956 [raptor.main] INFO: ============================================================
2026-04-01 15:20:24,957 [raptor.data_feeds] INFO: DataManager initialized with all feeds
2026-04-01 15:20:25,477 [raptor.main] INFO: Account: equity=$103845.20  cash=$88259.42  positions=4
2026-04-01 15:20:25,479 [raptor.universe] INFO: Universe from cache: 136 symbols
2026-04-01 15:20:25,479 [raptor.main] INFO: Dynamic universe: 136 symbols
2026-04-01 15:20:32,137 [raptor.data_feeds] INFO: Fetched bars for 136 / 136 symbols
2026-04-01 15:20:32,161 [raptor.data_feeds] INFO: FRED regime: NEUTRAL (score=-0.100)
2026-04-01 15:20:33,562 [raptor.main] INFO: Data: 136 symbols | Macro: NEUTRAL (-0.100) | Sentiment: 136 symbols
2026-04-01 15:20:36,087 [raptor.signals] INFO: Signals: 1 from 136 syms (regime=NEUTRAL)
2026-04-01 15:20:36,088 [raptor.signals] INFO: Composite: mean=-0.0041 std=0.1960 max=0.4826
2026-04-01 15:20:36,088 [raptor.main] INFO: No signals today. Patience.
2026-04-01 15:21:36,093 [raptor.main] INFO: ============================================================
2026-04-01 15:21:36,094 [raptor.main] INFO: RAPTOR v5.2.0 DAILY SCAN — 2026-04-01T15:21:36.094265
2026-04-01 15:21:36,094 [raptor.main] INFO: ============================================================
2026-04-01 15:21:36,095 [raptor.data_feeds] INFO: DataManager initialized with all feeds
2026-04-01 15:21:36,711 [raptor.main] INFO: Account: equity=$103848.03  cash=$88259.42  positions=4
2026-04-01 15:21:36,713 [raptor.universe] INFO: Universe from cache: 136 symbols
2026-04-01 15:21:36,713 [raptor.main] INFO: Dynamic universe: 136 symbols
2026-04-01 15:21:43,386 [raptor.data_feeds] INFO: Fetched bars for 136 / 136 symbols
2026-04-01 15:21:43,410 [raptor.data_feeds] INFO: FRED regime: NEUTRAL (score=-0.100)
2026-04-01 15:21:44,923 [raptor.main] INFO: Data: 136 symbols | Macro: NEUTRAL (-0.100) | Sentiment: 136 symbols
2026-04-01 15:21:47,506 [raptor.signals] INFO: Signals: 1 from 136 syms (regime=NEUTRAL)
2026-04-01 15:21:47,506 [raptor.signals] INFO: Composite: mean=-0.0092 std=0.1971 max=0.5918
2026-04-01 15:21:47,507 [raptor.main] INFO: Signals:
2026-04-01 15:21:47,507 [raptor.main] INFO:   1. C  t=2.182  pctl=100%  entry=$115.05  stop=$106.38  tp=$132.40  kelly=0.080  hold~16d
2026-04-01 15:21:47,578 [raptor.data_feeds] INFO: Order submitted: BUY 72 C @ 115.17
2026-04-01 15:21:47,578 [raptor.main] INFO: ORDER: BUY 72 C @ $115.17
2026-04-01 15:21:47,579 [raptor.main] INFO: Scan complete. 1 orders placed.
2026-04-01 15:22:47,586 [raptor.main] INFO: ============================================================
2026-04-01 15:22:47,586 [raptor.main] INFO: RAPTOR v5.2.0 DAILY SCAN — 2026-04-01T15:22:47.586785
2026-04-01 15:22:47,587 [raptor.main] INFO: ============================================================
2026-04-01 15:22:47,588 [raptor.data_feeds] INFO: DataManager initialized with all feeds
2026-04-01 15:22:48,145 [raptor.main] INFO: Account: equity=$103834.08  cash=$79975.10  positions=5
2026-04-01 15:22:48,146 [raptor.universe] INFO: Universe from cache: 136 symbols
2026-04-01 15:22:48,147 [raptor.main] INFO: Dynamic universe: 136 symbols
2026-04-01 15:22:53,113 [raptor.data_feeds] INFO: Fetched bars for 136 / 136 symbols
2026-04-01 15:22:53,139 [raptor.data_feeds] INFO: FRED regime: NEUTRAL (score=-0.100)
2026-04-01 15:22:54,486 [raptor.main] INFO: Data: 136 symbols | Macro: NEUTRAL (-0.100) | Sentiment: 136 symbols
2026-04-01 15:22:57,036 [raptor.signals] INFO: Signals: 1 from 136 syms (regime=NEUTRAL)
2026-04-01 15:22:57,037 [raptor.signals] INFO: Composite: mean=-0.0076 std=0.1957 max=0.5220
2026-04-01 15:22:57,038 [raptor.main] INFO: No signals today. Patience.
2026-04-01 15:23:57,043 [raptor.main] INFO: ============================================================
2026-04-01 15:23:57,044 [raptor.main] INFO: RAPTOR v5.2.0 DAILY SCAN — 2026-04-01T15:23:57.044136
2026-04-01 15:23:57,044 [raptor.main] INFO: ============================================================
2026-04-01 15:23:57,045 [raptor.data_feeds] INFO: DataManager initialized with all feeds
2026-04-01 15:23:57,621 [raptor.main] INFO: Account: equity=$103829.81  cash=$79975.10  positions=5
2026-04-01 15:23:57,622 [raptor.universe] INFO: Universe from cache: 136 symbols
2026-04-01 15:23:57,623 [raptor.main] INFO: Dynamic universe: 136 symbols
2026-04-01 15:24:02,380 [raptor.data_feeds] INFO: Fetched bars for 136 / 136 symbols
2026-04-01 15:24:02,405 [raptor.data_feeds] INFO: FRED regime: NEUTRAL (score=-0.100)
2026-04-01 15:24:04,531 [raptor.main] INFO: Data: 136 symbols | Macro: NEUTRAL (-0.100) | Sentiment: 136 symbols
2026-04-01 15:24:07,061 [raptor.signals] INFO: Signals: 1 from 136 syms (regime=NEUTRAL)
2026-04-01 15:24:07,062 [raptor.signals] INFO: Composite: mean=-0.0065 std=0.1949 max=0.4764
2026-04-01 15:24:07,062 [raptor.main] INFO: No signals today. Patience.
2026-04-01 15:25:07,069 [raptor.main] INFO: ============================================================
2026-04-01 15:25:07,070 [raptor.main] INFO: RAPTOR v5.2.0 DAILY SCAN — 2026-04-01T15:25:07.070049
2026-04-01 15:25:07,070 [raptor.main] INFO: ============================================================
2026-04-01 15:25:07,071 [raptor.data_feeds] INFO: DataManager initialized with all feeds
2026-04-01 15:25:07,767 [raptor.main] INFO: Account: equity=$103858.35  cash=$79975.10  positions=5
2026-04-01 15:25:07,769 [raptor.universe] INFO: Universe from cache: 136 symbols
2026-04-01 15:25:07,769 [raptor.main] INFO: Dynamic universe: 136 symbols
2026-04-01 15:25:13,731 [raptor.data_feeds] INFO: Fetched bars for 136 / 136 symbols
2026-04-01 15:25:13,757 [raptor.data_feeds] INFO: FRED regime: NEUTRAL (score=-0.100)
2026-04-01 15:25:15,321 [raptor.main] INFO: Data: 136 symbols | Macro: NEUTRAL (-0.100) | Sentiment: 136 symbols
2026-04-01 15:25:17,858 [raptor.signals] INFO: Signals: 1 from 136 syms (regime=NEUTRAL)
2026-04-01 15:25:17,859 [raptor.signals] INFO: Composite: mean=-0.0053 std=0.1956 max=0.4825
2026-04-01 15:25:17,860 [raptor.main] INFO: No signals today. Patience.
2026-04-01 15:26:17,867 [raptor.main] INFO: ============================================================
2026-04-01 15:26:17,867 [raptor.main] INFO: RAPTOR v5.2.0 DAILY SCAN — 2026-04-01T15:26:17.867613
2026-04-01 15:26:17,867 [raptor.main] INFO: ============================================================
2026-04-01 15:26:17,869 [raptor.data_feeds] INFO: DataManager initialized with all feeds
2026-04-01 15:26:18,734 [raptor.main] INFO: Account: equity=$103857.76  cash=$79975.10  positions=5
2026-04-01 15:26:18,736 [raptor.universe] INFO: Universe from cache: 136 symbols
2026-04-01 15:26:18,736 [raptor.main] INFO: Dynamic universe: 136 symbols
2026-04-01 15:26:34,344 [raptor.data_feeds] INFO: Fetched bars for 136 / 136 symbols
2026-04-01 15:26:34,369 [raptor.data_feeds] INFO: FRED regime: NEUTRAL (score=-0.100)
2026-04-01 15:26:35,813 [raptor.main] INFO: Data: 136 symbols | Macro: NEUTRAL (-0.100) | Sentiment: 136 symbols
2026-04-01 15:26:38,336 [raptor.signals] INFO: Signals: 1 from 136 syms (regime=NEUTRAL)
2026-04-01 15:26:38,337 [raptor.signals] INFO: Composite: mean=-0.0060 std=0.1958 max=0.4821
2026-04-01 15:26:38,338 [raptor.main] INFO: No signals today. Patience.
2026-04-01 15:27:38,343 [raptor.main] INFO: ============================================================
2026-04-01 15:27:38,344 [raptor.main] INFO: RAPTOR v5.2.0 DAILY SCAN — 2026-04-01T15:27:38.344447
2026-04-01 15:27:38,344 [raptor.main] INFO: ============================================================
2026-04-01 15:27:38,345 [raptor.data_feeds] INFO: DataManager initialized with all feeds
2026-04-01 15:27:38,917 [raptor.main] INFO: Account: equity=$103867.05  cash=$79975.10  positions=5
2026-04-01 15:27:38,918 [raptor.universe] INFO: Universe from cache: 136 symbols
2026-04-01 15:27:38,919 [raptor.main] INFO: Dynamic universe: 136 symbols
2026-04-01 15:27:43,513 [raptor.data_feeds] INFO: Fetched bars for 136 / 136 symbols
2026-04-01 15:27:43,538 [raptor.data_feeds] INFO: FRED regime: NEUTRAL (score=-0.100)
2026-04-01 15:27:45,173 [raptor.main] INFO: Data: 136 symbols | Macro: NEUTRAL (-0.100) | Sentiment: 136 symbols
2026-04-01 15:27:47,696 [raptor.signals] INFO: Signals: 1 from 136 syms (regime=NEUTRAL)
2026-04-01 15:27:47,697 [raptor.signals] INFO: Composite: mean=-0.0092 std=0.1993 max=0.7081
2026-04-01 15:27:47,698 [raptor.main] INFO: No signals today. Patience.
2026-04-01 15:28:47,704 [raptor.main] INFO: ============================================================
2026-04-01 15:28:47,705 [raptor.main] INFO: RAPTOR v5.2.0 DAILY SCAN — 2026-04-01T15:28:47.705459
2026-04-01 15:28:47,705 [raptor.main] INFO: ============================================================
2026-04-01 15:28:47,706 [raptor.data_feeds] INFO: DataManager initialized with all feeds
2026-04-01 15:28:48,548 [raptor.main] INFO: Account: equity=$103872.37  cash=$79975.10  positions=5
2026-04-01 15:28:48,550 [raptor.universe] INFO: Universe from cache: 136 symbols
2026-04-01 15:28:48,550 [raptor.main] INFO: Dynamic universe: 136 symbols
2026-04-01 15:28:53,742 [raptor.data_feeds] INFO: Fetched bars for 136 / 136 symbols
2026-04-01 15:28:53,768 [raptor.data_feeds] INFO: FRED regime: NEUTRAL (score=-0.100)
2026-04-01 15:28:55,220 [raptor.main] INFO: Data: 136 symbols | Macro: NEUTRAL (-0.100) | Sentiment: 136 symbols
2026-04-01 15:28:57,733 [raptor.signals] INFO: Signals: 1 from 136 syms (regime=NEUTRAL)
2026-04-01 15:28:57,734 [raptor.signals] INFO: Composite: mean=-0.0047 std=0.1965 max=0.5076
2026-04-01 15:28:57,735 [raptor.main] INFO: No signals today. Patience.
2026-04-01 15:29:57,741 [raptor.main] INFO: ============================================================
2026-04-01 15:29:57,741 [raptor.main] INFO: RAPTOR v5.2.0 DAILY SCAN — 2026-04-01T15:29:57.741757
2026-04-01 15:29:57,742 [raptor.main] INFO: ============================================================
2026-04-01 15:29:57,743 [raptor.data_feeds] INFO: DataManager initialized with all feeds
2026-04-01 15:29:58,495 [raptor.main] INFO: Account: equity=$103868.99  cash=$79975.10  positions=5
2026-04-01 15:29:58,497 [raptor.universe] INFO: Universe from cache: 136 symbols
2026-04-01 15:29:58,497 [raptor.main] INFO: Dynamic universe: 136 symbols
2026-04-01 15:30:05,094 [raptor.data_feeds] INFO: Fetched bars for 136 / 136 symbols
2026-04-01 15:30:05,119 [raptor.data_feeds] INFO: FRED regime: NEUTRAL (score=-0.100)
2026-04-01 15:30:07,266 [raptor.main] INFO: Data: 136 symbols | Macro: NEUTRAL (-0.100) | Sentiment: 136 symbols
2026-04-01 15:30:09,786 [raptor.signals] INFO: Signals: 1 from 136 syms (regime=NEUTRAL)
2026-04-01 15:30:09,787 [raptor.signals] INFO: Composite: mean=-0.0091 std=0.1988 max=0.7002
2026-04-01 15:30:09,788 [raptor.main] INFO: No signals today. Patience.
2026-04-01 15:31:09,792 [raptor.main] INFO: ============================================================
2026-04-01 15:31:09,793 [raptor.main] INFO: RAPTOR v5.2.0 DAILY SCAN — 2026-04-01T15:31:09.793510
2026-04-01 15:31:09,794 [raptor.main] INFO: ============================================================
2026-04-01 15:31:09,795 [raptor.data_feeds] INFO: DataManager initialized with all feeds
2026-04-01 15:31:10,485 [raptor.main] INFO: Account: equity=$103857.92  cash=$79975.10  positions=5
2026-04-01 15:31:10,487 [raptor.universe] INFO: Universe from cache: 136 symbols
2026-04-01 15:31:10,487 [raptor.main] INFO: Dynamic universe: 136 symbols
2026-04-01 15:31:17,304 [raptor.data_feeds] INFO: Fetched bars for 136 / 136 symbols
2026-04-01 15:31:17,328 [raptor.data_feeds] INFO: FRED regime: NEUTRAL (score=-0.100)
2026-04-01 15:31:18,863 [raptor.main] INFO: Data: 136 symbols | Macro: NEUTRAL (-0.100) | Sentiment: 136 symbols
2026-04-01 15:31:21,374 [raptor.signals] INFO: Signals: 1 from 136 syms (regime=NEUTRAL)
2026-04-01 15:31:21,374 [raptor.signals] INFO: Composite: mean=-0.0062 std=0.1958 max=0.4820
2026-04-01 15:31:21,375 [raptor.main] INFO: No signals today. Patience.
2026-04-01 15:32:21,381 [raptor.main] INFO: ============================================================
2026-04-01 15:32:21,381 [raptor.main] INFO: RAPTOR v5.2.0 DAILY SCAN — 2026-04-01T15:32:21.381672
2026-04-01 15:32:21,382 [raptor.main] INFO: ============================================================
2026-04-01 15:32:21,383 [raptor.data_feeds] INFO: DataManager initialized with all feeds
2026-04-01 15:32:21,886 [raptor.main] INFO: Account: equity=$103840.88  cash=$79975.10  positions=5
2026-04-01 15:32:21,887 [raptor.universe] INFO: Universe from cache: 136 symbols
2026-04-01 15:32:21,888 [raptor.main] INFO: Dynamic universe: 136 symbols
2026-04-01 15:32:27,927 [raptor.data_feeds] INFO: Fetched bars for 136 / 136 symbols
2026-04-01 15:32:27,953 [raptor.data_feeds] INFO: FRED regime: NEUTRAL (score=-0.100)
2026-04-01 15:32:29,426 [raptor.main] INFO: Data: 136 symbols | Macro: NEUTRAL (-0.100) | Sentiment: 136 symbols
2026-04-01 15:32:31,966 [raptor.signals] INFO: Signals: 1 from 136 syms (regime=NEUTRAL)
2026-04-01 15:32:31,966 [raptor.signals] INFO: Composite: mean=-0.0061 std=0.1956 max=0.4807
2026-04-01 15:32:31,967 [raptor.main] INFO: No signals today. Patience.
2026-04-01 15:33:31,973 [raptor.main] INFO: ============================================================
2026-04-01 15:33:31,973 [raptor.main] INFO: RAPTOR v5.2.0 DAILY SCAN — 2026-04-01T15:33:31.973920
2026-04-01 15:33:31,974 [raptor.main] INFO: ============================================================
2026-04-01 15:33:31,975 [raptor.data_feeds] INFO: DataManager initialized with all feeds
2026-04-01 15:33:33,749 [raptor.main] INFO: Account: equity=$103822.65  cash=$79975.10  positions=5
2026-04-01 15:33:33,751 [raptor.universe] INFO: Universe from cache: 136 symbols
2026-04-01 15:33:33,751 [raptor.main] INFO: Dynamic universe: 136 symbols
2026-04-01 15:33:39,589 [raptor.data_feeds] INFO: Fetched bars for 136 / 136 symbols
2026-04-01 15:33:39,613 [raptor.data_feeds] INFO: FRED regime: NEUTRAL (score=-0.100)
2026-04-01 15:33:41,110 [raptor.main] INFO: Data: 136 symbols | Macro: NEUTRAL (-0.100) | Sentiment: 136 symbols
2026-04-01 15:33:43,634 [raptor.signals] INFO: Signals: 1 from 136 syms (regime=NEUTRAL)
2026-04-01 15:33:43,635 [raptor.signals] INFO: Composite: mean=-0.0056 std=0.1942 max=0.4775
2026-04-01 15:33:43,636 [raptor.main] INFO: No signals today. Patience.
2026-04-01 15:34:43,640 [raptor.main] INFO: ============================================================
2026-04-01 15:34:43,641 [raptor.main] INFO: RAPTOR v5.2.0 DAILY SCAN — 2026-04-01T15:34:43.641261
2026-04-01 15:34:43,641 [raptor.main] INFO: ============================================================
2026-04-01 15:34:43,642 [raptor.data_feeds] INFO: DataManager initialized with all feeds
2026-04-01 15:34:44,306 [raptor.main] INFO: Account: equity=$103826.34  cash=$79975.10  positions=5
2026-04-01 15:34:44,309 [raptor.universe] INFO: Universe from cache: 136 symbols
2026-04-01 15:34:44,309 [raptor.main] INFO: Dynamic universe: 136 symbols
2026-04-01 15:34:47,979 [raptor.data_feeds] INFO: Fetched bars for 136 / 136 symbols
2026-04-01 15:34:48,005 [raptor.data_feeds] INFO: FRED regime: NEUTRAL (score=-0.100)
2026-04-01 15:34:49,580 [raptor.main] INFO: Data: 136 symbols | Macro: NEUTRAL (-0.100) | Sentiment: 136 symbols
2026-04-01 15:34:52,108 [raptor.signals] INFO: Signals: 1 from 136 syms (regime=NEUTRAL)
2026-04-01 15:34:52,108 [raptor.signals] INFO: Composite: mean=-0.0044 std=0.1942 max=0.4829
2026-04-01 15:34:52,109 [raptor.main] INFO: No signals today. Patience.
2026-04-01 15:35:52,114 [raptor.main] INFO: ============================================================
2026-04-01 15:35:52,114 [raptor.main] INFO: RAPTOR v5.2.0 DAILY SCAN — 2026-04-01T15:35:52.114652
2026-04-01 15:35:52,114 [raptor.main] INFO: ============================================================
2026-04-01 15:35:52,115 [raptor.data_feeds] INFO: DataManager initialized with all feeds
2026-04-01 15:35:52,674 [raptor.main] INFO: Account: equity=$103826.84  cash=$79975.10  positions=5
2026-04-01 15:35:52,677 [raptor.universe] INFO: Universe from cache: 136 symbols
2026-04-01 15:35:52,677 [raptor.main] INFO: Dynamic universe: 136 symbols
2026-04-01 15:35:57,246 [raptor.data_feeds] INFO: Fetched bars for 136 / 136 symbols
2026-04-01 15:35:57,272 [raptor.data_feeds] INFO: FRED regime: NEUTRAL (score=-0.100)
2026-04-01 15:35:58,677 [raptor.main] INFO: Data: 136 symbols | Macro: NEUTRAL (-0.100) | Sentiment: 136 symbols
2026-04-01 15:36:01,235 [raptor.signals] INFO: Signals: 1 from 136 syms (regime=NEUTRAL)
2026-04-01 15:36:01,235 [raptor.signals] INFO: Composite: mean=-0.0050 std=0.1942 max=0.4791
2026-04-01 15:36:01,236 [raptor.main] INFO: No signals today. Patience.
2026-04-01 15:37:01,241 [raptor.main] INFO: ============================================================
2026-04-01 15:37:01,242 [raptor.main] INFO: RAPTOR v5.2.0 DAILY SCAN — 2026-04-01T15:37:01.242600
2026-04-01 15:37:01,243 [raptor.main] INFO: ============================================================
2026-04-01 15:37:01,244 [raptor.data_feeds] INFO: DataManager initialized with all feeds
2026-04-01 15:37:01,836 [raptor.main] INFO: Account: equity=$103826.24  cash=$79975.10  positions=5
2026-04-01 15:37:01,838 [raptor.universe] INFO: Universe from cache: 136 symbols
2026-04-01 15:37:01,838 [raptor.main] INFO: Dynamic universe: 136 symbols
2026-04-01 15:37:08,291 [raptor.data_feeds] INFO: Fetched bars for 136 / 136 symbols
2026-04-01 15:37:08,317 [raptor.data_feeds] INFO: FRED regime: NEUTRAL (score=-0.100)
2026-04-01 15:37:09,861 [raptor.main] INFO: Data: 136 symbols | Macro: NEUTRAL (-0.100) | Sentiment: 136 symbols
2026-04-01 15:37:12,354 [raptor.signals] INFO: Signals: 1 from 136 syms (regime=NEUTRAL)
2026-04-01 15:37:12,354 [raptor.signals] INFO: Composite: mean=-0.0052 std=0.1941 max=0.4845
2026-04-01 15:37:12,355 [raptor.main] INFO: No signals today. Patience.
2026-04-01 15:38:12,361 [raptor.main] INFO: ============================================================
2026-04-01 15:38:12,361 [raptor.main] INFO: RAPTOR v5.2.0 DAILY SCAN — 2026-04-01T15:38:12.361485
2026-04-01 15:38:12,361 [raptor.main] INFO: ============================================================
2026-04-01 15:38:12,362 [raptor.data_feeds] INFO: DataManager initialized with all feeds
2026-04-01 15:38:13,621 [raptor.main] INFO: Account: equity=$103825.40  cash=$79975.10  positions=5
2026-04-01 15:38:13,623 [raptor.universe] INFO: Universe from cache: 136 symbols
2026-04-01 15:38:13,624 [raptor.main] INFO: Dynamic universe: 136 symbols
2026-04-01 15:38:18,737 [raptor.data_feeds] INFO: Fetched bars for 136 / 136 symbols
2026-04-01 15:38:18,764 [raptor.data_feeds] INFO: FRED regime: NEUTRAL (score=-0.100)
2026-04-01 15:38:20,237 [raptor.main] INFO: Data: 136 symbols | Macro: NEUTRAL (-0.100) | Sentiment: 136 symbols
2026-04-01 15:38:22,763 [raptor.signals] INFO: Signals: 1 from 136 syms (regime=NEUTRAL)
2026-04-01 15:38:22,764 [raptor.signals] INFO: Composite: mean=-0.0054 std=0.1949 max=0.4870
2026-04-01 15:38:22,765 [raptor.main] INFO: No signals today. Patience.
2026-04-01 15:39:22,771 [raptor.main] INFO: ============================================================
2026-04-01 15:39:22,772 [raptor.main] INFO: RAPTOR v5.2.0 DAILY SCAN — 2026-04-01T15:39:22.772372
2026-04-01 15:39:22,772 [raptor.main] INFO: ============================================================
2026-04-01 15:39:22,774 [raptor.data_feeds] INFO: DataManager initialized with all feeds
2026-04-01 15:39:23,462 [raptor.main] INFO: Account: equity=$103825.25  cash=$79975.10  positions=5
2026-04-01 15:39:23,464 [raptor.universe] INFO: Universe from cache: 136 symbols
2026-04-01 15:39:23,465 [raptor.main] INFO: Dynamic universe: 136 symbols
2026-04-01 15:39:27,967 [raptor.data_feeds] INFO: Fetched bars for 136 / 136 symbols
2026-04-01 15:39:27,993 [raptor.data_feeds] INFO: FRED regime: NEUTRAL (score=-0.100)
2026-04-01 15:39:29,385 [raptor.main] INFO: Data: 136 symbols | Macro: NEUTRAL (-0.100) | Sentiment: 136 symbols
2026-04-01 15:39:31,939 [raptor.signals] INFO: Signals: 1 from 136 syms (regime=NEUTRAL)
2026-04-01 15:39:31,940 [raptor.signals] INFO: Composite: mean=-0.0057 std=0.1951 max=0.4854
2026-04-01 15:39:31,941 [raptor.main] INFO: No signals today. Patience.
2026-04-01 15:40:31,946 [raptor.main] INFO: ============================================================
2026-04-01 15:40:31,947 [raptor.main] INFO: RAPTOR v5.2.0 DAILY SCAN — 2026-04-01T15:40:31.947006
2026-04-01 15:40:31,947 [raptor.main] INFO: ============================================================
2026-04-01 15:40:31,948 [raptor.data_feeds] INFO: DataManager initialized with all feeds
2026-04-01 15:40:32,532 [raptor.main] INFO: Account: equity=$103838.31  cash=$79975.10  positions=5
2026-04-01 15:40:32,534 [raptor.universe] INFO: Universe from cache: 136 symbols
2026-04-01 15:40:32,534 [raptor.main] INFO: Dynamic universe: 136 symbols
2026-04-01 15:40:39,601 [raptor.data_feeds] INFO: Fetched bars for 136 / 136 symbols
2026-04-01 15:40:39,627 [raptor.data_feeds] INFO: FRED regime: NEUTRAL (score=-0.100)
2026-04-01 15:40:41,317 [raptor.main] INFO: Data: 136 symbols | Macro: NEUTRAL (-0.100) | Sentiment: 136 symbols
2026-04-01 15:40:43,945 [raptor.signals] INFO: Signals: 1 from 136 syms (regime=NEUTRAL)
2026-04-01 15:40:43,946 [raptor.signals] INFO: Composite: mean=-0.0060 std=0.1950 max=0.4837
2026-04-01 15:40:43,947 [raptor.main] INFO: No signals today. Patience.
2026-04-01 15:41:43,953 [raptor.main] INFO: ============================================================
2026-04-01 15:41:43,954 [raptor.main] INFO: RAPTOR v5.2.0 DAILY SCAN — 2026-04-01T15:41:43.954605
2026-04-01 15:41:43,955 [raptor.main] INFO: ============================================================
2026-04-01 15:41:43,956 [raptor.data_feeds] INFO: DataManager initialized with all feeds
2026-04-01 15:41:44,678 [raptor.main] INFO: Account: equity=$103851.43  cash=$79975.10  positions=5
2026-04-01 15:41:44,680 [raptor.universe] INFO: Universe from cache: 136 symbols
2026-04-01 15:41:44,681 [raptor.main] INFO: Dynamic universe: 136 symbols
2026-04-01 15:41:51,167 [raptor.data_feeds] INFO: Fetched bars for 136 / 136 symbols
2026-04-01 15:41:51,193 [raptor.data_feeds] INFO: FRED regime: NEUTRAL (score=-0.100)
2026-04-01 15:41:52,620 [raptor.main] INFO: Data: 136 symbols | Macro: NEUTRAL (-0.100) | Sentiment: 136 symbols
2026-04-01 15:41:55,143 [raptor.signals] INFO: Signals: 1 from 136 syms (regime=NEUTRAL)
2026-04-01 15:41:55,144 [raptor.signals] INFO: Composite: mean=-0.0053 std=0.1954 max=0.4883
2026-04-01 15:41:55,145 [raptor.main] INFO: No signals today. Patience.
2026-04-01 15:42:55,151 [raptor.main] INFO: ============================================================
2026-04-01 15:42:55,152 [raptor.main] INFO: RAPTOR v5.2.0 DAILY SCAN — 2026-04-01T15:42:55.152653
2026-04-01 15:42:55,153 [raptor.main] INFO: ============================================================
2026-04-01 15:42:55,154 [raptor.data_feeds] INFO: DataManager initialized with all feeds
2026-04-01 15:42:55,849 [raptor.main] INFO: Account: equity=$103837.88  cash=$79975.10  positions=5
2026-04-01 15:42:55,851 [raptor.universe] INFO: Universe from cache: 136 symbols
2026-04-01 15:42:55,851 [raptor.main] INFO: Dynamic universe: 136 symbols
2026-04-01 15:43:02,302 [raptor.data_feeds] INFO: Fetched bars for 136 / 136 symbols
2026-04-01 15:43:02,327 [raptor.data_feeds] INFO: FRED regime: NEUTRAL (score=-0.100)
2026-04-01 15:43:04,270 [raptor.main] INFO: Data: 136 symbols | Macro: NEUTRAL (-0.100) | Sentiment: 136 symbols
2026-04-01 15:43:06,791 [raptor.signals] INFO: Signals: 0 from 136 syms (regime=NEUTRAL)
2026-04-01 15:43:06,791 [raptor.signals] INFO: Composite: mean=-0.0083 std=0.1947 max=0.4061
2026-04-01 15:43:06,792 [raptor.main] INFO: No signals today. Patience.
2026-04-01 15:44:06,797 [raptor.main] INFO: ============================================================
2026-04-01 15:44:06,798 [raptor.main] INFO: RAPTOR v5.2.0 DAILY SCAN — 2026-04-01T15:44:06.797975
2026-04-01 15:44:06,798 [raptor.main] INFO: ============================================================
2026-04-01 15:44:06,799 [raptor.data_feeds] INFO: DataManager initialized with all feeds
2026-04-01 15:44:07,430 [raptor.main] INFO: Account: equity=$103826.88  cash=$79975.10  positions=5
2026-04-01 15:44:07,432 [raptor.universe] INFO: Universe from cache: 136 symbols
2026-04-01 15:44:07,432 [raptor.main] INFO: Dynamic universe: 136 symbols
2026-04-01 15:44:13,936 [raptor.data_feeds] INFO: Fetched bars for 136 / 136 symbols
2026-04-01 15:44:13,961 [raptor.data_feeds] INFO: FRED regime: NEUTRAL (score=-0.100)
2026-04-01 15:44:15,393 [raptor.main] INFO: Data: 136 symbols | Macro: NEUTRAL (-0.100) | Sentiment: 136 symbols
2026-04-01 15:44:17,933 [raptor.signals] INFO: Signals: 0 from 136 syms (regime=NEUTRAL)
2026-04-01 15:44:17,934 [raptor.signals] INFO: Composite: mean=-0.0075 std=0.1947 max=0.3771
2026-04-01 15:44:17,934 [raptor.main] INFO: No signals today. Patience.
2026-04-01 15:45:17,939 [raptor.main] INFO: ============================================================
2026-04-01 15:45:17,940 [raptor.main] INFO: RAPTOR v5.2.0 DAILY SCAN — 2026-04-01T15:45:17.940070
2026-04-01 15:45:17,940 [raptor.main] INFO: ============================================================
2026-04-01 15:45:17,941 [raptor.data_feeds] INFO: DataManager initialized with all feeds
2026-04-01 15:45:18,705 [raptor.main] INFO: Account: equity=$103819.12  cash=$79975.10  positions=5
2026-04-01 15:45:18,707 [raptor.universe] INFO: Universe from cache: 136 symbols
2026-04-01 15:45:18,707 [raptor.main] INFO: Dynamic universe: 136 symbols
2026-04-01 15:45:27,339 [raptor.data_feeds] INFO: Fetched bars for 136 / 136 symbols
2026-04-01 15:45:27,365 [raptor.data_feeds] INFO: FRED regime: NEUTRAL (score=-0.100)
2026-04-01 15:45:29,824 [raptor.main] INFO: Data: 136 symbols | Macro: NEUTRAL (-0.100) | Sentiment: 136 symbols
2026-04-01 15:45:32,418 [raptor.signals] INFO: Signals: 0 from 136 syms (regime=NEUTRAL)
2026-04-01 15:45:32,418 [raptor.signals] INFO: Composite: mean=-0.0054 std=0.1951 max=0.4406
2026-04-01 15:45:32,419 [raptor.main] INFO: No signals today. Patience.
2026-04-01 15:46:32,426 [raptor.main] INFO: ============================================================
2026-04-01 15:46:32,427 [raptor.main] INFO: RAPTOR v5.2.0 DAILY SCAN — 2026-04-01T15:46:32.427250
2026-04-01 15:46:32,427 [raptor.main] INFO: ============================================================
2026-04-01 15:46:32,428 [raptor.data_feeds] INFO: DataManager initialized with all feeds
2026-04-01 15:46:33,050 [raptor.main] INFO: Account: equity=$103816.74  cash=$79975.10  positions=5
2026-04-01 15:46:33,052 [raptor.universe] INFO: Universe from cache: 136 symbols
2026-04-01 15:46:33,053 [raptor.main] INFO: Dynamic universe: 136 symbols
2026-04-01 15:46:40,890 [raptor.data_feeds] INFO: Fetched bars for 136 / 136 symbols
2026-04-01 15:46:40,917 [raptor.data_feeds] INFO: FRED regime: NEUTRAL (score=-0.100)
2026-04-01 15:46:42,829 [raptor.main] INFO: Data: 136 symbols | Macro: NEUTRAL (-0.100) | Sentiment: 136 symbols
2026-04-01 15:46:45,370 [raptor.signals] INFO: Signals: 1 from 136 syms (regime=NEUTRAL)
2026-04-01 15:46:45,370 [raptor.signals] INFO: Composite: mean=-0.0094 std=0.1939 max=0.4527
2026-04-01 15:46:45,371 [raptor.main] INFO: Signals:
2026-04-01 15:46:45,371 [raptor.main] INFO:   1. DAL  t=1.669  pctl=100%  entry=$67.80  stop=$61.58  tp=$80.24  kelly=0.080  hold~17d
2026-04-01 15:46:45,401 [raptor.data_feeds] INFO: Order submitted: BUY 122 DAL @ 67.87
2026-04-01 15:46:45,402 [raptor.main] INFO: ORDER: BUY 122 DAL @ $67.87
2026-04-01 15:46:45,402 [raptor.main] INFO: Scan complete. 1 orders placed.
2026-04-01 15:47:45,408 [raptor.main] INFO: ============================================================
2026-04-01 15:47:45,409 [raptor.main] INFO: RAPTOR v5.2.0 DAILY SCAN — 2026-04-01T15:47:45.409051
2026-04-01 15:47:45,409 [raptor.main] INFO: ============================================================
2026-04-01 15:47:45,410 [raptor.data_feeds] INFO: DataManager initialized with all feeds
2026-04-01 15:47:46,167 [raptor.main] INFO: Account: equity=$103821.79  cash=$71708.38  positions=6
2026-04-01 15:47:46,169 [raptor.universe] INFO: Universe from cache: 136 symbols
2026-04-01 15:47:46,169 [raptor.main] INFO: Dynamic universe: 136 symbols
2026-04-01 15:47:51,768 [raptor.data_feeds] INFO: Fetched bars for 136 / 136 symbols
2026-04-01 15:47:51,794 [raptor.data_feeds] INFO: FRED regime: NEUTRAL (score=-0.100)
2026-04-01 15:47:53,217 [raptor.main] INFO: Data: 136 symbols | Macro: NEUTRAL (-0.100) | Sentiment: 136 symbols
2026-04-01 15:47:55,753 [raptor.signals] INFO: Signals: 1 from 136 syms (regime=NEUTRAL)
2026-04-01 15:47:55,754 [raptor.signals] INFO: Composite: mean=-0.0093 std=0.1938 max=0.4479
2026-04-01 15:47:55,755 [raptor.main] INFO: No signals today. Patience.
2026-04-01 15:48:55,761 [raptor.main] INFO: ============================================================
2026-04-01 15:48:55,762 [raptor.main] INFO: RAPTOR v5.2.0 DAILY SCAN — 2026-04-01T15:48:55.761976
2026-04-01 15:48:55,762 [raptor.main] INFO: ============================================================
2026-04-01 15:48:55,763 [raptor.data_feeds] INFO: DataManager initialized with all feeds
2026-04-01 15:48:56,494 [raptor.main] INFO: Account: equity=$103837.85  cash=$71708.38  positions=6
2026-04-01 15:48:56,496 [raptor.universe] INFO: Universe from cache: 136 symbols
2026-04-01 15:48:56,496 [raptor.main] INFO: Dynamic universe: 136 symbols
2026-04-01 15:49:01,167 [raptor.data_feeds] INFO: Fetched bars for 136 / 136 symbols
2026-04-01 15:49:01,193 [raptor.data_feeds] INFO: FRED regime: NEUTRAL (score=-0.100)
2026-04-01 15:49:02,556 [raptor.main] INFO: Data: 136 symbols | Macro: NEUTRAL (-0.100) | Sentiment: 136 symbols
2026-04-01 15:49:05,089 [raptor.signals] INFO: Signals: 1 from 136 syms (regime=NEUTRAL)
2026-04-01 15:49:05,089 [raptor.signals] INFO: Composite: mean=-0.0095 std=0.1936 max=0.4548
2026-04-01 15:49:05,090 [raptor.main] INFO: No signals today. Patience.
2026-04-01 15:50:05,096 [raptor.main] INFO: ============================================================
2026-04-01 15:50:05,096 [raptor.main] INFO: RAPTOR v5.2.0 DAILY SCAN — 2026-04-01T15:50:05.096757
2026-04-01 15:50:05,097 [raptor.main] INFO: ============================================================
2026-04-01 15:50:05,098 [raptor.data_feeds] INFO: DataManager initialized with all feeds
2026-04-01 15:50:05,848 [raptor.main] INFO: Account: equity=$103850.19  cash=$71708.38  positions=6
2026-04-01 15:50:05,850 [raptor.universe] INFO: Universe from cache: 136 symbols
2026-04-01 15:50:05,851 [raptor.main] INFO: Dynamic universe: 136 symbols
2026-04-01 15:50:14,386 [raptor.data_feeds] INFO: Fetched bars for 136 / 136 symbols
2026-04-01 15:50:14,410 [raptor.data_feeds] INFO: FRED regime: NEUTRAL (score=-0.100)
2026-04-01 15:50:15,917 [raptor.main] INFO: Data: 136 symbols | Macro: NEUTRAL (-0.100) | Sentiment: 136 symbols
2026-04-01 15:50:18,438 [raptor.signals] INFO: Signals: 1 from 136 syms (regime=NEUTRAL)
2026-04-01 15:50:18,438 [raptor.signals] INFO: Composite: mean=-0.0047 std=0.1955 max=0.4867
2026-04-01 15:50:18,439 [raptor.main] INFO: No signals today. Patience.
2026-04-01 15:51:18,444 [raptor.main] INFO: ============================================================
2026-04-01 15:51:18,445 [raptor.main] INFO: RAPTOR v5.2.0 DAILY SCAN — 2026-04-01T15:51:18.445568
2026-04-01 15:51:18,446 [raptor.main] INFO: ============================================================
2026-04-01 15:51:18,447 [raptor.data_feeds] INFO: DataManager initialized with all feeds
2026-04-01 15:51:19,169 [raptor.main] INFO: Account: equity=$103819.93  cash=$71708.38  positions=6
2026-04-01 15:51:19,170 [raptor.universe] INFO: Universe from cache: 136 symbols
2026-04-01 15:51:19,171 [raptor.main] INFO: Dynamic universe: 136 symbols
2026-04-01 15:51:25,007 [raptor.data_feeds] INFO: Fetched bars for 136 / 136 symbols
2026-04-01 15:51:25,032 [raptor.data_feeds] INFO: FRED regime: NEUTRAL (score=-0.100)
2026-04-01 15:51:27,984 [raptor.main] INFO: Data: 136 symbols | Macro: NEUTRAL (-0.100) | Sentiment: 136 symbols
2026-04-01 15:51:30,507 [raptor.signals] INFO: Signals: 1 from 136 syms (regime=NEUTRAL)
2026-04-01 15:51:30,507 [raptor.signals] INFO: Composite: mean=-0.0094 std=0.1928 max=0.4501
2026-04-01 15:51:30,508 [raptor.main] INFO: No signals today. Patience.
2026-04-01 15:52:30,513 [raptor.main] INFO: ============================================================
2026-04-01 15:52:30,514 [raptor.main] INFO: RAPTOR v5.2.0 DAILY SCAN — 2026-04-01T15:52:30.514098
2026-04-01 15:52:30,514 [raptor.main] INFO: ============================================================
2026-04-01 15:52:30,516 [raptor.data_feeds] INFO: DataManager initialized with all feeds
2026-04-01 15:52:31,364 [raptor.main] INFO: Account: equity=$103837.11  cash=$71708.38  positions=6
2026-04-01 15:52:31,366 [raptor.universe] INFO: Universe from cache: 136 symbols
2026-04-01 15:52:31,367 [raptor.main] INFO: Dynamic universe: 136 symbols
2026-04-01 15:52:35,966 [raptor.data_feeds] INFO: Fetched bars for 136 / 136 symbols
2026-04-01 15:52:35,992 [raptor.data_feeds] INFO: FRED regime: NEUTRAL (score=-0.100)
2026-04-01 15:52:37,449 [raptor.main] INFO: Data: 136 symbols | Macro: NEUTRAL (-0.100) | Sentiment: 136 symbols
2026-04-01 15:52:40,158 [raptor.signals] INFO: Signals: 0 from 136 syms (regime=NEUTRAL)
2026-04-01 15:52:40,158 [raptor.signals] INFO: Composite: mean=-0.0056 std=0.1940 max=0.3983
2026-04-01 15:52:40,159 [raptor.main] INFO: No signals today. Patience.
2026-04-01 15:53:40,163 [raptor.main] INFO: ============================================================
2026-04-01 15:53:40,164 [raptor.main] INFO: RAPTOR v5.2.0 DAILY SCAN — 2026-04-01T15:53:40.164754
2026-04-01 15:53:40,165 [raptor.main] INFO: ============================================================
2026-04-01 15:53:40,166 [raptor.data_feeds] INFO: DataManager initialized with all feeds
2026-04-01 15:53:40,795 [raptor.main] INFO: Account: equity=$103833.93  cash=$71708.38  positions=6
2026-04-01 15:53:40,797 [raptor.universe] INFO: Universe from cache: 136 symbols
2026-04-01 15:53:40,797 [raptor.main] INFO: Dynamic universe: 136 symbols
2026-04-01 15:53:45,521 [raptor.data_feeds] INFO: Fetched bars for 136 / 136 symbols
2026-04-01 15:53:45,549 [raptor.data_feeds] INFO: FRED regime: NEUTRAL (score=-0.100)
2026-04-01 15:53:47,034 [raptor.main] INFO: Data: 136 symbols | Macro: NEUTRAL (-0.100) | Sentiment: 136 symbols
2026-04-01 15:53:49,547 [raptor.signals] INFO: Signals: 0 from 136 syms (regime=NEUTRAL)
2026-04-01 15:53:49,547 [raptor.signals] INFO: Composite: mean=-0.0071 std=0.1934 max=0.3787
2026-04-01 15:53:49,547 [raptor.main] INFO: No signals today. Patience.
2026-04-01 15:54:49,553 [raptor.main] INFO: ============================================================
2026-04-01 15:54:49,554 [raptor.main] INFO: RAPTOR v5.2.0 DAILY SCAN — 2026-04-01T15:54:49.553997
2026-04-01 15:54:49,554 [raptor.main] INFO: ============================================================
2026-04-01 15:54:49,555 [raptor.data_feeds] INFO: DataManager initialized with all feeds
2026-04-01 15:54:50,328 [raptor.main] INFO: Account: equity=$103850.94  cash=$71708.38  positions=6
2026-04-01 15:54:50,330 [raptor.universe] INFO: Universe from cache: 136 symbols
2026-04-01 15:54:50,330 [raptor.main] INFO: Dynamic universe: 136 symbols
2026-04-01 15:54:55,199 [raptor.data_feeds] INFO: Fetched bars for 136 / 136 symbols
2026-04-01 15:54:55,226 [raptor.data_feeds] INFO: FRED regime: NEUTRAL (score=-0.100)
2026-04-01 15:54:57,093 [raptor.main] INFO: Data: 136 symbols | Macro: NEUTRAL (-0.100) | Sentiment: 136 symbols
2026-04-01 15:54:59,603 [raptor.signals] INFO: Signals: 1 from 136 syms (regime=NEUTRAL)
2026-04-01 15:54:59,603 [raptor.signals] INFO: Composite: mean=-0.0097 std=0.1926 max=0.4617
2026-04-01 15:54:59,604 [raptor.main] INFO: No signals today. Patience.
2026-04-01 15:55:59,610 [raptor.main] INFO: ============================================================
2026-04-01 15:55:59,611 [raptor.main] INFO: RAPTOR v5.2.0 DAILY SCAN — 2026-04-01T15:55:59.611113
2026-04-01 15:55:59,611 [raptor.main] INFO: ============================================================
2026-04-01 15:55:59,612 [raptor.data_feeds] INFO: DataManager initialized with all feeds
2026-04-01 15:56:00,270 [raptor.main] INFO: Account: equity=$103829.83  cash=$71708.38  positions=6
2026-04-01 15:56:00,272 [raptor.universe] INFO: Universe from cache: 136 symbols
2026-04-01 15:56:00,272 [raptor.main] INFO: Dynamic universe: 136 symbols
2026-04-01 15:56:08,089 [raptor.data_feeds] INFO: Fetched bars for 136 / 136 symbols
2026-04-01 15:56:08,114 [raptor.data_feeds] INFO: FRED regime: NEUTRAL (score=-0.100)
2026-04-01 15:56:09,861 [raptor.main] INFO: Data: 136 symbols | Macro: NEUTRAL (-0.100) | Sentiment: 136 symbols
2026-04-01 15:56:12,389 [raptor.signals] INFO: Signals: 1 from 136 syms (regime=NEUTRAL)
2026-04-01 15:56:12,389 [raptor.signals] INFO: Composite: mean=-0.0096 std=0.1924 max=0.4619
2026-04-01 15:56:12,390 [raptor.main] INFO: No signals today. Patience.
2026-04-01 15:57:12,396 [raptor.main] INFO: ============================================================
2026-04-01 15:57:12,396 [raptor.main] INFO: RAPTOR v5.2.0 DAILY SCAN — 2026-04-01T15:57:12.396695
2026-04-01 15:57:12,396 [raptor.main] INFO: ============================================================
2026-04-01 15:57:12,398 [raptor.data_feeds] INFO: DataManager initialized with all feeds
2026-04-01 15:57:13,076 [raptor.main] INFO: Account: equity=$103838.55  cash=$71708.38  positions=6
2026-04-01 15:57:13,078 [raptor.universe] INFO: Universe from cache: 136 symbols
2026-04-01 15:57:13,080 [raptor.main] INFO: Dynamic universe: 136 symbols
2026-04-01 15:57:20,595 [raptor.data_feeds] INFO: Fetched bars for 136 / 136 symbols
2026-04-01 15:57:20,621 [raptor.data_feeds] INFO: FRED regime: NEUTRAL (score=-0.100)
2026-04-01 15:57:22,073 [raptor.main] INFO: Data: 136 symbols | Macro: NEUTRAL (-0.100) | Sentiment: 136 symbols
2026-04-01 15:57:24,592 [raptor.signals] INFO: Signals: 1 from 136 syms (regime=NEUTRAL)
2026-04-01 15:57:24,593 [raptor.signals] INFO: Composite: mean=-0.0057 std=0.1936 max=0.4579
2026-04-01 15:57:24,594 [raptor.main] INFO: No signals today. Patience.
2026-04-01 15:58:24,600 [raptor.main] INFO: ============================================================
2026-04-01 15:58:24,601 [raptor.main] INFO: RAPTOR v5.2.0 DAILY SCAN — 2026-04-01T15:58:24.601532
2026-04-01 15:58:24,601 [raptor.main] INFO: ============================================================
2026-04-01 15:58:24,603 [raptor.data_feeds] INFO: DataManager initialized with all feeds
2026-04-01 15:58:25,162 [raptor.main] INFO: Account: equity=$103850.52  cash=$71708.38  positions=6
2026-04-01 15:58:25,164 [raptor.universe] INFO: Universe from cache: 136 symbols
2026-04-01 15:58:25,164 [raptor.main] INFO: Dynamic universe: 136 symbols
2026-04-01 15:58:32,201 [raptor.data_feeds] INFO: Fetched bars for 136 / 136 symbols
2026-04-01 15:58:32,226 [raptor.data_feeds] INFO: FRED regime: NEUTRAL (score=-0.100)
2026-04-01 15:58:34,240 [raptor.main] INFO: Data: 136 symbols | Macro: NEUTRAL (-0.100) | Sentiment: 136 symbols
2026-04-01 15:58:36,822 [raptor.signals] INFO: Signals: 1 from 136 syms (regime=NEUTRAL)
2026-04-01 15:58:36,822 [raptor.signals] INFO: Composite: mean=-0.0042 std=0.1939 max=0.4819
2026-04-01 15:58:36,823 [raptor.main] INFO: No signals today. Patience.
2026-04-01 15:59:36,828 [raptor.main] INFO: ============================================================
2026-04-01 15:59:36,829 [raptor.main] INFO: RAPTOR v5.2.0 DAILY SCAN — 2026-04-01T15:59:36.829254
2026-04-01 15:59:36,829 [raptor.main] INFO: ============================================================
2026-04-01 15:59:36,830 [raptor.data_feeds] INFO: DataManager initialized with all feeds
2026-04-01 15:59:37,573 [raptor.main] INFO: Account: equity=$103829.99  cash=$71708.38  positions=6
2026-04-01 15:59:37,575 [raptor.universe] INFO: Universe from cache: 136 symbols
2026-04-01 15:59:37,575 [raptor.main] INFO: Dynamic universe: 136 symbols
2026-04-01 15:59:42,781 [raptor.data_feeds] INFO: Fetched bars for 136 / 136 symbols
2026-04-01 15:59:42,807 [raptor.data_feeds] INFO: FRED regime: NEUTRAL (score=-0.100)
2026-04-01 15:59:44,466 [raptor.main] INFO: Data: 136 symbols | Macro: NEUTRAL (-0.100) | Sentiment: 136 symbols
2026-04-01 15:59:47,013 [raptor.signals] INFO: Signals: 1 from 136 syms (regime=NEUTRAL)
2026-04-01 15:59:47,013 [raptor.signals] INFO: Composite: mean=-0.0059 std=0.1936 max=0.4756
2026-04-01 15:59:47,014 [raptor.main] INFO: No signals today. Patience.
2026-04-01 16:00:47,020 [raptor.main] INFO: ============================================================
2026-04-01 16:00:47,020 [raptor.main] INFO: RAPTOR v5.2.0 DAILY SCAN — 2026-04-01T16:00:47.020782
2026-04-01 16:00:47,021 [raptor.main] INFO: ============================================================
2026-04-01 16:00:47,022 [raptor.data_feeds] INFO: DataManager initialized with all feeds
2026-04-01 16:00:47,721 [raptor.main] INFO: Account: equity=$103813.81  cash=$71708.38  positions=6
2026-04-01 16:00:47,723 [raptor.universe] INFO: Universe from cache: 136 symbols
2026-04-01 16:00:47,723 [raptor.main] INFO: Dynamic universe: 136 symbols
2026-04-01 16:00:57,021 [raptor.data_feeds] INFO: Fetched bars for 136 / 136 symbols
2026-04-01 16:00:57,046 [raptor.data_feeds] INFO: FRED regime: NEUTRAL (score=-0.100)
2026-04-01 16:00:58,518 [raptor.main] INFO: Data: 136 symbols | Macro: NEUTRAL (-0.100) | Sentiment: 136 symbols
2026-04-01 16:01:01,043 [raptor.signals] INFO: Signals: 1 from 136 syms (regime=NEUTRAL)
2026-04-01 16:01:01,043 [raptor.signals] INFO: Composite: mean=-0.0057 std=0.1924 max=0.4728
2026-04-01 16:01:01,044 [raptor.main] INFO: No signals today. Patience.
2026-04-01 16:02:01,050 [raptor.main] INFO: ============================================================
2026-04-01 16:02:01,051 [raptor.main] INFO: RAPTOR v5.2.0 DAILY SCAN — 2026-04-01T16:02:01.051394
2026-04-01 16:02:01,051 [raptor.main] INFO: ============================================================
2026-04-01 16:02:01,053 [raptor.data_feeds] INFO: DataManager initialized with all feeds
2026-04-01 16:02:02,680 [raptor.main] INFO: Account: equity=$103812.65  cash=$71708.38  positions=6
2026-04-01 16:02:02,682 [raptor.universe] INFO: Universe from cache: 136 symbols
2026-04-01 16:02:02,683 [raptor.main] INFO: Dynamic universe: 136 symbols
2026-04-01 16:02:09,031 [raptor.data_feeds] INFO: Fetched bars for 136 / 136 symbols
2026-04-01 16:02:09,056 [raptor.data_feeds] INFO: FRED regime: NEUTRAL (score=-0.100)
2026-04-01 16:02:10,482 [raptor.main] INFO: Data: 136 symbols | Macro: NEUTRAL (-0.100) | Sentiment: 136 symbols
2026-04-01 16:02:13,023 [raptor.signals] INFO: Signals: 1 from 136 syms (regime=NEUTRAL)
2026-04-01 16:02:13,024 [raptor.signals] INFO: Composite: mean=-0.0058 std=0.1924 max=0.4725
2026-04-01 16:02:13,024 [raptor.main] INFO: No signals today. Patience.
2026-04-01 16:03:13,030 [raptor.main] INFO: ============================================================
2026-04-01 16:03:13,030 [raptor.main] INFO: RAPTOR v5.2.0 DAILY SCAN — 2026-04-01T16:03:13.030920
2026-04-01 16:03:13,031 [raptor.main] INFO: ============================================================
2026-04-01 16:03:13,032 [raptor.data_feeds] INFO: DataManager initialized with all feeds
2026-04-01 16:03:13,700 [raptor.main] INFO: Account: equity=$103780.34  cash=$71708.38  positions=6
2026-04-01 16:03:13,706 [raptor.universe] INFO: Universe from cache: 136 symbols
2026-04-01 16:03:13,706 [raptor.main] INFO: Dynamic universe: 136 symbols
2026-04-01 16:03:18,273 [raptor.data_feeds] INFO: Fetched bars for 136 / 136 symbols
2026-04-01 16:03:18,298 [raptor.data_feeds] INFO: FRED regime: NEUTRAL (score=-0.100)
2026-04-01 16:03:19,907 [raptor.main] INFO: Data: 136 symbols | Macro: NEUTRAL (-0.100) | Sentiment: 136 symbols
2026-04-01 16:03:22,417 [raptor.signals] INFO: Signals: 1 from 136 syms (regime=NEUTRAL)
2026-04-01 16:03:22,418 [raptor.signals] INFO: Composite: mean=-0.0058 std=0.1924 max=0.4725
2026-04-01 16:03:22,418 [raptor.main] INFO: No signals today. Patience.
2026-04-01 16:04:22,424 [raptor.main] INFO: ============================================================
2026-04-01 16:04:22,425 [raptor.main] INFO: RAPTOR v5.2.0 DAILY SCAN — 2026-04-01T16:04:22.424988
2026-04-01 16:04:22,425 [raptor.main] INFO: ============================================================
2026-04-01 16:04:22,426 [raptor.data_feeds] INFO: DataManager initialized with all feeds
2026-04-01 16:04:23,078 [raptor.main] INFO: Account: equity=$103794.52  cash=$71708.38  positions=6
2026-04-01 16:04:23,080 [raptor.universe] INFO: Universe from cache: 136 symbols
2026-04-01 16:04:23,080 [raptor.main] INFO: Dynamic universe: 136 symbols
2026-04-01 16:04:27,143 [raptor.data_feeds] INFO: Fetched bars for 136 / 136 symbols
2026-04-01 16:04:27,169 [raptor.data_feeds] INFO: FRED regime: NEUTRAL (score=-0.100)
2026-04-01 16:04:28,715 [raptor.main] INFO: Data: 136 symbols | Macro: NEUTRAL (-0.100) | Sentiment: 136 symbols
2026-04-01 16:04:31,238 [raptor.signals] INFO: Signals: 1 from 136 syms (regime=NEUTRAL)
2026-04-01 16:04:31,238 [raptor.signals] INFO: Composite: mean=-0.0058 std=0.1924 max=0.4725
2026-04-01 16:04:31,239 [raptor.main] INFO: No signals today. Patience.
2026-04-01 16:05:31,244 [raptor.main] INFO: ============================================================
2026-04-01 16:05:31,245 [raptor.main] INFO: RAPTOR v5.2.0 DAILY SCAN — 2026-04-01T16:05:31.245621
2026-04-01 16:05:31,245 [raptor.main] INFO: ============================================================
2026-04-01 16:05:31,247 [raptor.data_feeds] INFO: DataManager initialized with all feeds
2026-04-01 16:05:31,996 [raptor.main] INFO: Account: equity=$103789.14  cash=$71708.38  positions=6
2026-04-01 16:05:31,998 [raptor.universe] INFO: Universe from cache: 136 symbols
2026-04-01 16:05:31,998 [raptor.main] INFO: Dynamic universe: 136 symbols
2026-04-01 16:05:36,675 [raptor.data_feeds] INFO: Fetched bars for 136 / 136 symbols
2026-04-01 16:05:36,700 [raptor.data_feeds] INFO: FRED regime: NEUTRAL (score=-0.100)
2026-04-01 16:05:38,237 [raptor.main] INFO: Data: 136 symbols | Macro: NEUTRAL (-0.100) | Sentiment: 136 symbols
2026-04-01 16:05:40,910 [raptor.signals] INFO: Signals: 1 from 136 syms (regime=NEUTRAL)
2026-04-01 16:05:40,910 [raptor.signals] INFO: Composite: mean=-0.0058 std=0.1924 max=0.4725
2026-04-01 16:05:40,911 [raptor.main] INFO: No signals today. Patience.
2026-04-01 16:06:40,917 [raptor.main] INFO: ============================================================
2026-04-01 16:06:40,917 [raptor.main] INFO: RAPTOR v5.2.0 DAILY SCAN — 2026-04-01T16:06:40.917829
2026-04-01 16:06:40,918 [raptor.main] INFO: ============================================================
2026-04-01 16:06:40,919 [raptor.data_feeds] INFO: DataManager initialized with all feeds
2026-04-01 16:06:41,467 [raptor.main] INFO: Account: equity=$103804.71  cash=$71708.38  positions=6
2026-04-01 16:06:41,469 [raptor.universe] INFO: Universe from cache: 136 symbols
2026-04-01 16:06:41,470 [raptor.main] INFO: Dynamic universe: 136 symbols
2026-04-01 16:06:45,373 [raptor.data_feeds] INFO: Fetched bars for 136 / 136 symbols
2026-04-01 16:06:45,398 [raptor.data_feeds] INFO: FRED regime: NEUTRAL (score=-0.100)
2026-04-01 16:06:46,933 [raptor.main] INFO: Data: 136 symbols | Macro: NEUTRAL (-0.100) | Sentiment: 136 symbols
2026-04-01 16:06:49,446 [raptor.signals] INFO: Signals: 1 from 136 syms (regime=NEUTRAL)
2026-04-01 16:06:49,447 [raptor.signals] INFO: Composite: mean=-0.0058 std=0.1910 max=0.4743
2026-04-01 16:06:49,447 [raptor.main] INFO: No signals today. Patience.
2026-04-01 16:07:49,453 [raptor.main] INFO: ============================================================
2026-04-01 16:07:49,454 [raptor.main] INFO: RAPTOR v5.2.0 DAILY SCAN — 2026-04-01T16:07:49.454351
2026-04-01 16:07:49,455 [raptor.main] INFO: ============================================================
2026-04-01 16:07:49,456 [raptor.data_feeds] INFO: DataManager initialized with all feeds
2026-04-01 16:07:50,037 [raptor.main] INFO: Account: equity=$103795.97  cash=$71708.38  positions=6
2026-04-01 16:07:50,039 [raptor.universe] INFO: Universe from cache: 136 symbols
2026-04-01 16:07:50,040 [raptor.main] INFO: Dynamic universe: 136 symbols
2026-04-01 16:07:54,478 [raptor.data_feeds] INFO: Fetched bars for 136 / 136 symbols
2026-04-01 16:07:54,504 [raptor.data_feeds] INFO: FRED regime: NEUTRAL (score=-0.100)
2026-04-01 16:07:55,915 [raptor.main] INFO: Data: 136 symbols | Macro: NEUTRAL (-0.100) | Sentiment: 136 symbols
2026-04-01 16:07:58,443 [raptor.signals] INFO: Signals: 1 from 136 syms (regime=NEUTRAL)
2026-04-01 16:07:58,445 [raptor.signals] INFO: Composite: mean=-0.0058 std=0.1910 max=0.4743
2026-04-01 16:07:58,445 [raptor.main] INFO: No signals today. Patience.
2026-04-01 16:08:58,451 [raptor.main] INFO: ============================================================
2026-04-01 16:08:58,453 [raptor.main] INFO: RAPTOR v5.2.0 DAILY SCAN — 2026-04-01T16:08:58.452996
2026-04-01 16:08:58,454 [raptor.main] INFO: ============================================================
2026-04-01 16:08:58,456 [raptor.data_feeds] INFO: DataManager initialized with all feeds
2026-04-01 16:08:59,161 [raptor.main] INFO: Account: equity=$103798.37  cash=$71708.38  positions=6
2026-04-01 16:08:59,163 [raptor.universe] INFO: Universe from cache: 136 symbols
2026-04-01 16:08:59,164 [raptor.main] INFO: Dynamic universe: 136 symbols
2026-04-01 16:09:03,213 [raptor.data_feeds] INFO: Fetched bars for 136 / 136 symbols
2026-04-01 16:09:03,238 [raptor.data_feeds] INFO: FRED regime: NEUTRAL (score=-0.100)
2026-04-01 16:09:04,977 [raptor.main] INFO: Data: 136 symbols | Macro: NEUTRAL (-0.100) | Sentiment: 136 symbols
2026-04-01 16:09:07,506 [raptor.signals] INFO: Signals: 1 from 136 syms (regime=NEUTRAL)
2026-04-01 16:09:07,507 [raptor.signals] INFO: Composite: mean=-0.0058 std=0.1910 max=0.4743
2026-04-01 16:09:07,508 [raptor.main] INFO: No signals today. Patience.
2026-04-01 16:10:07,513 [raptor.main] INFO: ============================================================
2026-04-01 16:10:07,514 [raptor.main] INFO: RAPTOR v5.2.0 DAILY SCAN — 2026-04-01T16:10:07.514859
2026-04-01 16:10:07,515 [raptor.main] INFO: ============================================================
2026-04-01 16:10:07,517 [raptor.data_feeds] INFO: DataManager initialized with all feeds
2026-04-01 16:10:08,182 [raptor.main] INFO: Account: equity=$103806.92  cash=$71708.38  positions=6
2026-04-01 16:10:08,184 [raptor.universe] INFO: Universe from cache: 136 symbols
2026-04-01 16:10:08,185 [raptor.main] INFO: Dynamic universe: 136 symbols
2026-04-01 16:10:12,167 [raptor.data_feeds] INFO: Fetched bars for 136 / 136 symbols
2026-04-01 16:10:12,193 [raptor.data_feeds] INFO: FRED regime: NEUTRAL (score=-0.100)
2026-04-01 16:10:13,553 [raptor.main] INFO: Data: 136 symbols | Macro: NEUTRAL (-0.100) | Sentiment: 136 symbols
2026-04-01 16:10:16,079 [raptor.signals] INFO: Signals: 1 from 136 syms (regime=NEUTRAL)
2026-04-01 16:10:16,080 [raptor.signals] INFO: Composite: mean=-0.0058 std=0.1910 max=0.4743
2026-04-01 16:10:16,081 [raptor.main] INFO: No signals today. Patience.
2026-04-01 16:11:16,088 [raptor.main] INFO: ============================================================
2026-04-01 16:11:16,089 [raptor.main] INFO: RAPTOR v5.2.0 DAILY SCAN — 2026-04-01T16:11:16.089513
2026-04-01 16:11:16,089 [raptor.main] INFO: ============================================================
2026-04-01 16:11:16,091 [raptor.data_feeds] INFO: DataManager initialized with all feeds
2026-04-01 16:11:16,691 [raptor.main] INFO: Account: equity=$103804.05  cash=$71708.38  positions=6
2026-04-01 16:11:16,693 [raptor.universe] INFO: Universe from cache: 136 symbols
2026-04-01 16:11:16,693 [raptor.main] INFO: Dynamic universe: 136 symbols
2026-04-01 16:11:19,958 [raptor.data_feeds] INFO: Fetched bars for 136 / 136 symbols
2026-04-01 16:11:19,984 [raptor.data_feeds] INFO: FRED regime: NEUTRAL (score=-0.100)
2026-04-01 16:11:21,375 [raptor.main] INFO: Data: 136 symbols | Macro: NEUTRAL (-0.100) | Sentiment: 136 symbols
2026-04-01 16:11:23,924 [raptor.signals] INFO: Signals: 1 from 136 syms (regime=NEUTRAL)
2026-04-01 16:11:23,924 [raptor.signals] INFO: Composite: mean=-0.0058 std=0.1910 max=0.4743
2026-04-01 16:11:23,925 [raptor.main] INFO: No signals today. Patience.
2026-04-01 16:12:23,930 [raptor.main] INFO: ============================================================
2026-04-01 16:12:23,930 [raptor.main] INFO: RAPTOR v5.2.0 DAILY SCAN — 2026-04-01T16:12:23.930769
2026-04-01 16:12:23,931 [raptor.main] INFO: ============================================================
2026-04-01 16:12:23,932 [raptor.data_feeds] INFO: DataManager initialized with all feeds
2026-04-01 16:12:24,483 [raptor.main] INFO: Account: equity=$103802.82  cash=$71708.38  positions=6
2026-04-01 16:12:24,485 [raptor.universe] INFO: Universe from cache: 136 symbols
2026-04-01 16:12:24,485 [raptor.main] INFO: Dynamic universe: 136 symbols
2026-04-01 16:12:28,065 [raptor.data_feeds] INFO: Fetched bars for 136 / 136 symbols
2026-04-01 16:12:28,090 [raptor.data_feeds] INFO: FRED regime: NEUTRAL (score=-0.100)
2026-04-01 16:12:29,443 [raptor.main] INFO: Data: 136 symbols | Macro: NEUTRAL (-0.100) | Sentiment: 136 symbols
2026-04-01 16:12:31,973 [raptor.signals] INFO: Signals: 1 from 136 syms (regime=NEUTRAL)
2026-04-01 16:12:31,973 [raptor.signals] INFO: Composite: mean=-0.0058 std=0.1910 max=0.4743
2026-04-01 16:12:31,974 [raptor.main] INFO: No signals today. Patience.
2026-04-01 16:13:31,979 [raptor.main] INFO: ============================================================
2026-04-01 16:13:31,980 [raptor.main] INFO: RAPTOR v5.2.0 DAILY SCAN — 2026-04-01T16:13:31.980298
2026-04-01 16:13:31,980 [raptor.main] INFO: ============================================================
2026-04-01 16:13:31,981 [raptor.data_feeds] INFO: DataManager initialized with all feeds
2026-04-01 16:13:32,684 [raptor.main] INFO: Account: equity=$103811.50  cash=$71708.38  positions=6
2026-04-01 16:13:32,686 [raptor.universe] INFO: Universe from cache: 136 symbols
2026-04-01 16:13:32,686 [raptor.main] INFO: Dynamic universe: 136 symbols
2026-04-01 16:13:35,630 [raptor.data_feeds] INFO: Fetched bars for 136 / 136 symbols
2026-04-01 16:13:35,654 [raptor.data_feeds] INFO: FRED regime: NEUTRAL (score=-0.100)
2026-04-01 16:13:37,108 [raptor.main] INFO: Data: 136 symbols | Macro: NEUTRAL (-0.100) | Sentiment: 136 symbols
2026-04-01 16:13:39,702 [raptor.signals] INFO: Signals: 1 from 136 syms (regime=NEUTRAL)
2026-04-01 16:13:39,702 [raptor.signals] INFO: Composite: mean=-0.0058 std=0.1910 max=0.4743
2026-04-01 16:13:39,703 [raptor.main] INFO: No signals today. Patience.
2026-04-01 16:14:39,709 [raptor.main] INFO: ============================================================
2026-04-01 16:14:39,710 [raptor.main] INFO: RAPTOR v5.2.0 DAILY SCAN — 2026-04-01T16:14:39.710071
2026-04-01 16:14:39,710 [raptor.main] INFO: ============================================================
2026-04-01 16:14:39,711 [raptor.data_feeds] INFO: DataManager initialized with all feeds
2026-04-01 16:14:40,374 [raptor.main] INFO: Account: equity=$103810.30  cash=$71708.38  positions=6
2026-04-01 16:14:40,375 [raptor.universe] INFO: Universe from cache: 136 symbols
2026-04-01 16:14:40,376 [raptor.main] INFO: Dynamic universe: 136 symbols
2026-04-01 16:14:43,032 [raptor.data_feeds] INFO: Fetched bars for 136 / 136 symbols
2026-04-01 16:14:43,057 [raptor.data_feeds] INFO: FRED regime: NEUTRAL (score=-0.100)
2026-04-01 16:14:44,402 [raptor.main] INFO: Data: 136 symbols | Macro: NEUTRAL (-0.100) | Sentiment: 136 symbols
2026-04-01 16:14:46,968 [raptor.signals] INFO: Signals: 1 from 136 syms (regime=NEUTRAL)
2026-04-01 16:14:46,969 [raptor.signals] INFO: Composite: mean=-0.0058 std=0.1910 max=0.4743
2026-04-01 16:14:46,969 [raptor.main] INFO: No signals today. Patience.
2026-04-01 16:15:46,975 [raptor.main] INFO: ============================================================
2026-04-01 16:15:46,976 [raptor.main] INFO: RAPTOR v5.2.0 DAILY SCAN — 2026-04-01T16:15:46.976271
2026-04-01 16:15:46,976 [raptor.main] INFO: ============================================================
2026-04-01 16:15:46,977 [raptor.data_feeds] INFO: DataManager initialized with all feeds
2026-04-01 16:15:47,654 [raptor.main] INFO: Account: equity=$103801.33  cash=$71708.38  positions=6
2026-04-01 16:15:47,656 [raptor.universe] INFO: Universe from cache: 136 symbols
2026-04-01 16:15:47,656 [raptor.main] INFO: Dynamic universe: 136 symbols
2026-04-01 16:15:51,391 [raptor.data_feeds] INFO: Fetched bars for 136 / 136 symbols
2026-04-01 16:15:51,417 [raptor.data_feeds] INFO: FRED regime: NEUTRAL (score=-0.100)
2026-04-01 16:15:52,874 [raptor.main] INFO: Data: 136 symbols | Macro: NEUTRAL (-0.100) | Sentiment: 136 symbols
2026-04-01 16:15:55,385 [raptor.signals] INFO: Signals: 1 from 136 syms (regime=NEUTRAL)
2026-04-01 16:15:55,386 [raptor.signals] INFO: Composite: mean=-0.0058 std=0.1910 max=0.4743
2026-04-01 16:15:55,387 [raptor.main] INFO: No signals today. Patience.
2026-04-01 16:16:55,393 [raptor.main] INFO: ============================================================
2026-04-01 16:16:55,393 [raptor.main] INFO: RAPTOR v5.2.0 DAILY SCAN — 2026-04-01T16:16:55.393851
2026-04-01 16:16:55,394 [raptor.main] INFO: ============================================================
2026-04-01 16:16:55,395 [raptor.data_feeds] INFO: DataManager initialized with all feeds
2026-04-01 16:16:55,958 [raptor.main] INFO: Account: equity=$103802.56  cash=$71708.38  positions=6
2026-04-01 16:16:55,959 [raptor.universe] INFO: Universe from cache: 136 symbols
2026-04-01 16:16:55,960 [raptor.main] INFO: Dynamic universe: 136 symbols
2026-04-01 16:16:59,051 [raptor.data_feeds] INFO: Fetched bars for 136 / 136 symbols
2026-04-01 16:16:59,076 [raptor.data_feeds] INFO: FRED regime: NEUTRAL (score=-0.100)
2026-04-01 16:17:00,507 [raptor.main] INFO: Data: 136 symbols | Macro: NEUTRAL (-0.100) | Sentiment: 136 symbols
2026-04-01 16:17:03,024 [raptor.signals] INFO: Signals: 1 from 136 syms (regime=NEUTRAL)
2026-04-01 16:17:03,025 [raptor.signals] INFO: Composite: mean=-0.0058 std=0.1910 max=0.4743
2026-04-01 16:17:03,025 [raptor.main] INFO: No signals today. Patience.
2026-04-01 16:18:03,031 [raptor.main] INFO: ============================================================
2026-04-01 16:18:03,032 [raptor.main] INFO: RAPTOR v5.2.0 DAILY SCAN — 2026-04-01T16:18:03.032270
2026-04-01 16:18:03,032 [raptor.main] INFO: ============================================================
2026-04-01 16:18:03,033 [raptor.data_feeds] INFO: DataManager initialized with all feeds
2026-04-01 16:18:03,750 [raptor.main] INFO: Account: equity=$103806.99  cash=$71708.38  positions=6
2026-04-01 16:18:03,752 [raptor.universe] INFO: Universe from cache: 136 symbols
2026-04-01 16:18:03,752 [raptor.main] INFO: Dynamic universe: 136 symbols
2026-04-01 16:18:07,587 [raptor.data_feeds] INFO: Fetched bars for 136 / 136 symbols
2026-04-01 16:18:07,612 [raptor.data_feeds] INFO: FRED regime: NEUTRAL (score=-0.100)
2026-04-01 16:18:09,055 [raptor.main] INFO: Data: 136 symbols | Macro: NEUTRAL (-0.100) | Sentiment: 136 symbols
2026-04-01 16:18:11,563 [raptor.signals] INFO: Signals: 1 from 136 syms (regime=NEUTRAL)
2026-04-01 16:18:11,564 [raptor.signals] INFO: Composite: mean=-0.0058 std=0.1910 max=0.4743
2026-04-01 16:18:11,564 [raptor.main] INFO: No signals today. Patience.
2026-04-01 16:19:11,571 [raptor.main] INFO: ============================================================
2026-04-01 16:19:11,572 [raptor.main] INFO: RAPTOR v5.2.0 DAILY SCAN — 2026-04-01T16:19:11.572155
2026-04-01 16:19:11,572 [raptor.main] INFO: ============================================================
2026-04-01 16:19:11,573 [raptor.data_feeds] INFO: DataManager initialized with all feeds
2026-04-01 16:19:12,361 [raptor.main] INFO: Account: equity=$103807.51  cash=$71708.38  positions=6
2026-04-01 16:19:12,363 [raptor.universe] INFO: Universe from cache: 136 symbols
2026-04-01 16:19:12,363 [raptor.main] INFO: Dynamic universe: 136 symbols
2026-04-01 16:19:14,798 [raptor.data_feeds] INFO: Fetched bars for 136 / 136 symbols
2026-04-01 16:19:14,825 [raptor.data_feeds] INFO: FRED regime: NEUTRAL (score=-0.100)
2026-04-01 16:19:16,412 [raptor.main] INFO: Data: 136 symbols | Macro: NEUTRAL (-0.100) | Sentiment: 136 symbols
2026-04-01 16:19:18,981 [raptor.signals] INFO: Signals: 1 from 136 syms (regime=NEUTRAL)
2026-04-01 16:19:18,982 [raptor.signals] INFO: Composite: mean=-0.0058 std=0.1910 max=0.4743
2026-04-01 16:19:18,982 [raptor.main] INFO: No signals today. Patience.
2026-04-01 16:20:18,989 [raptor.main] INFO: ============================================================
2026-04-01 16:20:18,989 [raptor.main] INFO: RAPTOR v5.2.0 DAILY SCAN — 2026-04-01T16:20:18.989940
2026-04-01 16:20:18,990 [raptor.main] INFO: ============================================================
2026-04-01 16:20:18,991 [raptor.data_feeds] INFO: DataManager initialized with all feeds
2026-04-01 16:20:19,539 [raptor.main] INFO: Account: equity=$103797.55  cash=$71708.38  positions=6
2026-04-01 16:20:19,541 [raptor.universe] INFO: Universe from cache: 136 symbols
2026-04-01 16:20:19,542 [raptor.main] INFO: Dynamic universe: 136 symbols
2026-04-01 16:20:22,742 [raptor.data_feeds] INFO: Fetched bars for 136 / 136 symbols
2026-04-01 16:20:22,767 [raptor.data_feeds] INFO: FRED regime: NEUTRAL (score=-0.100)
2026-04-01 16:20:24,247 [raptor.main] INFO: Data: 136 symbols | Macro: NEUTRAL (-0.100) | Sentiment: 136 symbols
2026-04-01 16:20:26,770 [raptor.signals] INFO: Signals: 1 from 136 syms (regime=NEUTRAL)
2026-04-01 16:20:26,771 [raptor.signals] INFO: Composite: mean=-0.0058 std=0.1910 max=0.4743
2026-04-01 16:20:26,772 [raptor.main] INFO: No signals today. Patience.
2026-04-01 16:21:26,777 [raptor.main] INFO: ============================================================
2026-04-01 16:21:26,778 [raptor.main] INFO: RAPTOR v5.2.0 DAILY SCAN — 2026-04-01T16:21:26.778491
2026-04-01 16:21:26,779 [raptor.main] INFO: ============================================================
2026-04-01 16:21:26,780 [raptor.data_feeds] INFO: DataManager initialized with all feeds
2026-04-01 16:21:27,535 [raptor.main] INFO: Account: equity=$103798.38  cash=$71708.38  positions=6
2026-04-01 16:21:27,537 [raptor.universe] INFO: Universe from cache: 136 symbols
2026-04-01 16:21:27,537 [raptor.main] INFO: Dynamic universe: 136 symbols
2026-04-01 16:21:29,764 [raptor.data_feeds] INFO: Fetched bars for 136 / 136 symbols
2026-04-01 16:21:29,790 [raptor.data_feeds] INFO: FRED regime: NEUTRAL (score=-0.100)
2026-04-01 16:21:31,222 [raptor.main] INFO: Data: 136 symbols | Macro: NEUTRAL (-0.100) | Sentiment: 136 symbols
2026-04-01 16:21:33,804 [raptor.signals] INFO: Signals: 1 from 136 syms (regime=NEUTRAL)
2026-04-01 16:21:33,805 [raptor.signals] INFO: Composite: mean=-0.0058 std=0.1910 max=0.4743
2026-04-01 16:21:33,806 [raptor.main] INFO: No signals today. Patience.
2026-04-01 16:22:33,811 [raptor.main] INFO: ============================================================
2026-04-01 16:22:33,812 [raptor.main] INFO: RAPTOR v5.2.0 DAILY SCAN — 2026-04-01T16:22:33.812403
2026-04-01 16:22:33,813 [raptor.main] INFO: ============================================================
2026-04-01 16:22:33,814 [raptor.data_feeds] INFO: DataManager initialized with all feeds
2026-04-01 16:22:34,405 [raptor.main] INFO: Account: equity=$103816.93  cash=$71708.38  positions=6
2026-04-01 16:22:34,407 [raptor.universe] INFO: Universe from cache: 136 symbols
2026-04-01 16:22:34,408 [raptor.main] INFO: Dynamic universe: 136 symbols
2026-04-01 16:22:36,960 [raptor.data_feeds] INFO: Fetched bars for 136 / 136 symbols
2026-04-01 16:22:36,986 [raptor.data_feeds] INFO: FRED regime: NEUTRAL (score=-0.100)
2026-04-01 16:22:38,456 [raptor.main] INFO: Data: 136 symbols | Macro: NEUTRAL (-0.100) | Sentiment: 136 symbols
2026-04-01 16:22:41,009 [raptor.signals] INFO: Signals: 1 from 136 syms (regime=NEUTRAL)
2026-04-01 16:22:41,009 [raptor.signals] INFO: Composite: mean=-0.0058 std=0.1910 max=0.4743
2026-04-01 16:22:41,010 [raptor.main] INFO: No signals today. Patience.
2026-04-01 16:23:41,016 [raptor.main] INFO: ============================================================
2026-04-01 16:23:41,017 [raptor.main] INFO: RAPTOR v5.2.0 DAILY SCAN — 2026-04-01T16:23:41.017209
2026-04-01 16:23:41,017 [raptor.main] INFO: ============================================================
2026-04-01 16:23:41,019 [raptor.data_feeds] INFO: DataManager initialized with all feeds
2026-04-01 16:23:41,710 [raptor.main] INFO: Account: equity=$103795.22  cash=$71708.38  positions=6
2026-04-01 16:23:41,712 [raptor.universe] INFO: Universe from cache: 136 symbols
2026-04-01 16:23:41,712 [raptor.main] INFO: Dynamic universe: 136 symbols
2026-04-01 16:23:44,834 [raptor.data_feeds] INFO: Fetched bars for 136 / 136 symbols
2026-04-01 16:23:44,860 [raptor.data_feeds] INFO: FRED regime: NEUTRAL (score=-0.100)
2026-04-01 16:23:46,384 [raptor.main] INFO: Data: 136 symbols | Macro: NEUTRAL (-0.100) | Sentiment: 136 symbols
2026-04-01 16:23:48,914 [raptor.signals] INFO: Signals: 1 from 136 syms (regime=NEUTRAL)
2026-04-01 16:23:48,915 [raptor.signals] INFO: Composite: mean=-0.0058 std=0.1910 max=0.4743
2026-04-01 16:23:48,915 [raptor.main] INFO: No signals today. Patience.
2026-04-01 16:24:48,920 [raptor.main] INFO: ============================================================
2026-04-01 16:24:48,921 [raptor.main] INFO: RAPTOR v5.2.0 DAILY SCAN — 2026-04-01T16:24:48.921343
2026-04-01 16:24:48,921 [raptor.main] INFO: ============================================================
2026-04-01 16:24:48,922 [raptor.data_feeds] INFO: DataManager initialized with all feeds
2026-04-01 16:24:49,580 [raptor.main] INFO: Account: equity=$103790.94  cash=$71708.38  positions=6
2026-04-01 16:24:49,582 [raptor.universe] INFO: Universe from cache: 136 symbols
2026-04-01 16:24:49,582 [raptor.main] INFO: Dynamic universe: 136 symbols
2026-04-01 16:24:52,490 [raptor.data_feeds] INFO: Fetched bars for 136 / 136 symbols
2026-04-01 16:24:52,515 [raptor.data_feeds] INFO: FRED regime: NEUTRAL (score=-0.100)
2026-04-01 16:24:54,272 [raptor.main] INFO: Data: 136 symbols | Macro: NEUTRAL (-0.100) | Sentiment: 136 symbols
2026-04-01 16:24:56,825 [raptor.signals] INFO: Signals: 1 from 136 syms (regime=NEUTRAL)
2026-04-01 16:24:56,826 [raptor.signals] INFO: Composite: mean=-0.0058 std=0.1910 max=0.4743
2026-04-01 16:24:56,826 [raptor.main] INFO: No signals today. Patience.
2026-04-01 16:25:56,833 [raptor.main] INFO: ============================================================
2026-04-01 16:25:56,834 [raptor.main] INFO: RAPTOR v5.2.0 DAILY SCAN — 2026-04-01T16:25:56.834429
2026-04-01 16:25:56,834 [raptor.main] INFO: ============================================================
2026-04-01 16:25:56,835 [raptor.data_feeds] INFO: DataManager initialized with all feeds
2026-04-01 16:25:57,474 [raptor.main] INFO: Account: equity=$103794.85  cash=$71708.38  positions=6
2026-04-01 16:25:57,476 [raptor.universe] INFO: Universe from cache: 136 symbols
2026-04-01 16:25:57,477 [raptor.main] INFO: Dynamic universe: 136 symbols
2026-04-01 16:26:00,721 [raptor.data_feeds] INFO: Fetched bars for 136 / 136 symbols
2026-04-01 16:26:00,746 [raptor.data_feeds] INFO: FRED regime: NEUTRAL (score=-0.100)
2026-04-01 16:26:02,349 [raptor.main] INFO: Data: 136 symbols | Macro: NEUTRAL (-0.100) | Sentiment: 136 symbols
2026-04-01 16:26:04,881 [raptor.signals] INFO: Signals: 1 from 136 syms (regime=NEUTRAL)
2026-04-01 16:26:04,881 [raptor.signals] INFO: Composite: mean=-0.0058 std=0.1910 max=0.4743
2026-04-01 16:26:04,882 [raptor.main] INFO: No signals today. Patience.
2026-04-01 16:27:04,888 [raptor.main] INFO: ============================================================
2026-04-01 16:27:04,888 [raptor.main] INFO: RAPTOR v5.2.0 DAILY SCAN — 2026-04-01T16:27:04.888904
2026-04-01 16:27:04,889 [raptor.main] INFO: ============================================================
2026-04-01 16:27:04,890 [raptor.data_feeds] INFO: DataManager initialized with all feeds
2026-04-01 16:27:05,573 [raptor.main] INFO: Account: equity=$103783.27  cash=$71708.38  positions=6
2026-04-01 16:27:05,575 [raptor.universe] INFO: Universe from cache: 136 symbols
2026-04-01 16:27:05,576 [raptor.main] INFO: Dynamic universe: 136 symbols
2026-04-01 16:27:08,830 [raptor.data_feeds] INFO: Fetched bars for 136 / 136 symbols
2026-04-01 16:27:08,858 [raptor.data_feeds] INFO: FRED regime: NEUTRAL (score=-0.100)
2026-04-01 16:27:10,512 [raptor.main] INFO: Data: 136 symbols | Macro: NEUTRAL (-0.100) | Sentiment: 136 symbols
2026-04-01 16:27:13,035 [raptor.signals] INFO: Signals: 1 from 136 syms (regime=NEUTRAL)
2026-04-01 16:27:13,035 [raptor.signals] INFO: Composite: mean=-0.0058 std=0.1910 max=0.4743
2026-04-01 16:27:13,036 [raptor.main] INFO: No signals today. Patience.
2026-04-01 16:28:13,041 [raptor.main] INFO: ============================================================
2026-04-01 16:28:13,042 [raptor.main] INFO: RAPTOR v5.2.0 DAILY SCAN — 2026-04-01T16:28:13.042086
2026-04-01 16:28:13,042 [raptor.main] INFO: ============================================================
2026-04-01 16:28:13,043 [raptor.data_feeds] INFO: DataManager initialized with all feeds
2026-04-01 16:28:13,673 [raptor.main] INFO: Account: equity=$103781.04  cash=$71708.38  positions=6
2026-04-01 16:28:13,675 [raptor.universe] INFO: Universe from cache: 136 symbols
2026-04-01 16:28:13,675 [raptor.main] INFO: Dynamic universe: 136 symbols
2026-04-01 16:28:17,231 [raptor.data_feeds] INFO: Fetched bars for 136 / 136 symbols
2026-04-01 16:28:17,255 [raptor.data_feeds] INFO: FRED regime: NEUTRAL (score=-0.100)
2026-04-01 16:28:18,907 [raptor.main] INFO: Data: 136 symbols | Macro: NEUTRAL (-0.100) | Sentiment: 136 symbols
2026-04-01 16:28:21,442 [raptor.signals] INFO: Signals: 1 from 136 syms (regime=NEUTRAL)
2026-04-01 16:28:21,443 [raptor.signals] INFO: Composite: mean=-0.0058 std=0.1910 max=0.4743
2026-04-01 16:28:21,444 [raptor.main] INFO: No signals today. Patience.
2026-04-01 16:29:21,449 [raptor.main] INFO: ============================================================
2026-04-01 16:29:21,450 [raptor.main] INFO: RAPTOR v5.2.0 DAILY SCAN — 2026-04-01T16:29:21.450381
2026-04-01 16:29:21,450 [raptor.main] INFO: ============================================================
2026-04-01 16:29:21,452 [raptor.data_feeds] INFO: DataManager initialized with all feeds
2026-04-01 16:29:22,079 [raptor.main] INFO: Account: equity=$103787.48  cash=$71708.38  positions=6
2026-04-01 16:29:22,081 [raptor.universe] INFO: Universe from cache: 136 symbols
2026-04-01 16:29:22,081 [raptor.main] INFO: Dynamic universe: 136 symbols
2026-04-01 16:29:25,232 [raptor.data_feeds] INFO: Fetched bars for 136 / 136 symbols
2026-04-01 16:29:25,256 [raptor.data_feeds] INFO: FRED regime: NEUTRAL (score=-0.100)
2026-04-01 16:29:26,844 [raptor.main] INFO: Data: 136 symbols | Macro: NEUTRAL (-0.100) | Sentiment: 136 symbols
2026-04-01 16:29:29,349 [raptor.signals] INFO: Signals: 1 from 136 syms (regime=NEUTRAL)
2026-04-01 16:29:29,350 [raptor.signals] INFO: Composite: mean=-0.0058 std=0.1910 max=0.4743
2026-04-01 16:29:29,350 [raptor.main] INFO: No signals today. Patience.
2026-04-01 16:30:29,356 [raptor.main] INFO: ============================================================
2026-04-01 16:30:29,356 [raptor.main] INFO: RAPTOR v5.2.0 DAILY SCAN — 2026-04-01T16:30:29.356802
2026-04-01 16:30:29,357 [raptor.main] INFO: ============================================================
2026-04-01 16:30:29,358 [raptor.data_feeds] INFO: DataManager initialized with all feeds
2026-04-01 16:30:30,072 [raptor.main] INFO: Account: equity=$103790.45  cash=$71708.38  positions=6
2026-04-01 16:30:30,073 [raptor.universe] INFO: Universe from cache: 136 symbols
2026-04-01 16:30:30,074 [raptor.main] INFO: Dynamic universe: 136 symbols
2026-04-01 16:30:33,711 [raptor.data_feeds] INFO: Fetched bars for 136 / 136 symbols
2026-04-01 16:30:33,737 [raptor.data_feeds] INFO: FRED regime: NEUTRAL (score=-0.100)
2026-04-01 16:30:35,202 [raptor.main] INFO: Data: 136 symbols | Macro: NEUTRAL (-0.100) | Sentiment: 136 symbols
2026-04-01 16:30:37,722 [raptor.signals] INFO: Signals: 1 from 136 syms (regime=NEUTRAL)
2026-04-01 16:30:37,722 [raptor.signals] INFO: Composite: mean=-0.0058 std=0.1910 max=0.4743
2026-04-01 16:30:37,723 [raptor.main] INFO: No signals today. Patience.
2026-04-01 16:31:37,729 [raptor.main] INFO: ============================================================
2026-04-01 16:31:37,730 [raptor.main] INFO: RAPTOR v5.2.0 DAILY SCAN — 2026-04-01T16:31:37.730439
2026-04-01 16:31:37,731 [raptor.main] INFO: ============================================================
2026-04-01 16:31:37,732 [raptor.data_feeds] INFO: DataManager initialized with all feeds
2026-04-01 16:31:38,380 [raptor.main] INFO: Account: equity=$103799.52  cash=$71708.38  positions=6
2026-04-01 16:31:38,381 [raptor.universe] INFO: Universe from cache: 136 symbols
2026-04-01 16:31:38,382 [raptor.main] INFO: Dynamic universe: 136 symbols
2026-04-01 16:31:43,016 [raptor.data_feeds] INFO: Fetched bars for 136 / 136 symbols
2026-04-01 16:31:43,041 [raptor.data_feeds] INFO: FRED regime: NEUTRAL (score=-0.100)
2026-04-01 16:31:44,638 [raptor.main] INFO: Data: 136 symbols | Macro: NEUTRAL (-0.100) | Sentiment: 136 symbols
2026-04-01 16:31:47,175 [raptor.signals] INFO: Signals: 1 from 136 syms (regime=NEUTRAL)
2026-04-01 16:31:47,175 [raptor.signals] INFO: Composite: mean=-0.0058 std=0.1910 max=0.4743
2026-04-01 16:31:47,176 [raptor.main] INFO: No signals today. Patience.
2026-04-01 16:32:47,181 [raptor.main] INFO: ============================================================
2026-04-01 16:32:47,182 [raptor.main] INFO: RAPTOR v5.2.0 DAILY SCAN — 2026-04-01T16:32:47.182015
2026-04-01 16:32:47,182 [raptor.main] INFO: ============================================================
2026-04-01 16:32:47,183 [raptor.data_feeds] INFO: DataManager initialized with all feeds
2026-04-01 16:32:47,810 [raptor.main] INFO: Account: equity=$103780.47  cash=$71708.38  positions=6
2026-04-01 16:32:47,812 [raptor.universe] INFO: Universe from cache: 136 symbols
2026-04-01 16:32:47,813 [raptor.main] INFO: Dynamic universe: 136 symbols
2026-04-01 16:32:51,055 [raptor.data_feeds] INFO: Fetched bars for 136 / 136 symbols
2026-04-01 16:32:51,081 [raptor.data_feeds] INFO: FRED regime: NEUTRAL (score=-0.100)
2026-04-01 16:32:52,721 [raptor.main] INFO: Data: 136 symbols | Macro: NEUTRAL (-0.100) | Sentiment: 136 symbols
2026-04-01 16:32:55,270 [raptor.signals] INFO: Signals: 1 from 136 syms (regime=NEUTRAL)
2026-04-01 16:32:55,270 [raptor.signals] INFO: Composite: mean=-0.0058 std=0.1909 max=0.4742
2026-04-01 16:32:55,271 [raptor.main] INFO: No signals today. Patience.
2026-04-01 16:33:55,277 [raptor.main] INFO: ============================================================
2026-04-01 16:33:55,277 [raptor.main] INFO: RAPTOR v5.2.0 DAILY SCAN — 2026-04-01T16:33:55.277753
2026-04-01 16:33:55,278 [raptor.main] INFO: ============================================================
2026-04-01 16:33:55,279 [raptor.data_feeds] INFO: DataManager initialized with all feeds
2026-04-01 16:33:55,960 [raptor.main] INFO: Account: equity=$103782.03  cash=$71708.38  positions=6
2026-04-01 16:33:55,962 [raptor.universe] INFO: Universe from cache: 136 symbols
2026-04-01 16:33:55,963 [raptor.main] INFO: Dynamic universe: 136 symbols
2026-04-01 16:33:58,416 [raptor.data_feeds] INFO: Fetched bars for 136 / 136 symbols
2026-04-01 16:33:58,443 [raptor.data_feeds] INFO: FRED regime: NEUTRAL (score=-0.100)
2026-04-01 16:33:59,988 [raptor.main] INFO: Data: 136 symbols | Macro: NEUTRAL (-0.100) | Sentiment: 136 symbols
2026-04-01 16:34:03,146 [raptor.signals] INFO: Signals: 1 from 136 syms (regime=NEUTRAL)
2026-04-01 16:34:03,146 [raptor.signals] INFO: Composite: mean=-0.0058 std=0.1912 max=0.4747
2026-04-01 16:34:03,147 [raptor.main] INFO: No signals today. Patience.
2026-04-01 16:35:03,153 [raptor.main] INFO: ============================================================
2026-04-01 16:35:03,154 [raptor.main] INFO: RAPTOR v5.2.0 DAILY SCAN — 2026-04-01T16:35:03.154051
2026-04-01 16:35:03,154 [raptor.main] INFO: ============================================================
2026-04-01 16:35:03,155 [raptor.data_feeds] INFO: DataManager initialized with all feeds
2026-04-01 16:35:04,213 [raptor.main] INFO: Account: equity=$103775.40  cash=$71708.38  positions=6
2026-04-01 16:35:04,215 [raptor.universe] INFO: Universe from cache: 136 symbols
2026-04-01 16:35:04,216 [raptor.main] INFO: Dynamic universe: 136 symbols
2026-04-01 16:35:08,880 [raptor.data_feeds] INFO: Fetched bars for 136 / 136 symbols
2026-04-01 16:35:08,941 [raptor.data_feeds] INFO: FRED regime: NEUTRAL (score=-0.100)
2026-04-01 16:35:11,613 [raptor.main] INFO: Data: 136 symbols | Macro: NEUTRAL (-0.100) | Sentiment: 136 symbols
2026-04-01 16:35:16,616 [raptor.signals] INFO: Signals: 1 from 136 syms (regime=NEUTRAL)
2026-04-01 16:35:16,617 [raptor.signals] INFO: Composite: mean=-0.0058 std=0.1912 max=0.4747
2026-04-01 16:35:16,617 [raptor.main] INFO: No signals today. Patience.
2026-04-01 16:36:16,625 [raptor.main] INFO: ============================================================
2026-04-01 16:36:16,626 [raptor.main] INFO: RAPTOR v5.2.0 DAILY SCAN — 2026-04-01T16:36:16.626080
2026-04-01 16:36:16,626 [raptor.main] INFO: ============================================================
2026-04-01 16:36:16,627 [raptor.data_feeds] INFO: DataManager initialized with all feeds
2026-04-01 16:36:18,241 [raptor.main] INFO: Account: equity=$103777.80  cash=$71708.38  positions=6
2026-04-01 16:36:18,243 [raptor.universe] INFO: Universe from cache: 136 symbols
2026-04-01 16:36:18,243 [raptor.main] INFO: Dynamic universe: 136 symbols
2026-04-01 16:36:21,429 [raptor.data_feeds] INFO: Fetched bars for 136 / 136 symbols
2026-04-01 16:36:21,452 [raptor.data_feeds] INFO: FRED regime: NEUTRAL (score=-0.100)
2026-04-01 16:36:23,034 [raptor.main] INFO: Data: 136 symbols | Macro: NEUTRAL (-0.100) | Sentiment: 136 symbols
2026-04-01 16:36:25,678 [raptor.signals] INFO: Signals: 1 from 136 syms (regime=NEUTRAL)
2026-04-01 16:36:25,678 [raptor.signals] INFO: Composite: mean=-0.0058 std=0.1912 max=0.4747
2026-04-01 16:36:25,679 [raptor.main] INFO: No signals today. Patience.
2026-04-01 16:37:25,684 [raptor.main] INFO: ============================================================
2026-04-01 16:37:25,684 [raptor.main] INFO: RAPTOR v5.2.0 DAILY SCAN — 2026-04-01T16:37:25.684576
2026-04-01 16:37:25,684 [raptor.main] INFO: ============================================================
2026-04-01 16:37:25,686 [raptor.data_feeds] INFO: DataManager initialized with all feeds
2026-04-01 16:37:26,556 [raptor.main] INFO: Account: equity=$103782.10  cash=$71708.38  positions=6
2026-04-01 16:37:26,558 [raptor.universe] INFO: Universe from cache: 136 symbols
2026-04-01 16:37:26,559 [raptor.main] INFO: Dynamic universe: 136 symbols
2026-04-01 16:37:30,091 [raptor.data_feeds] INFO: Fetched bars for 136 / 136 symbols
2026-04-01 16:37:30,136 [raptor.data_feeds] INFO: FRED regime: NEUTRAL (score=-0.100)
2026-04-01 16:37:32,412 [raptor.main] INFO: Data: 136 symbols | Macro: NEUTRAL (-0.100) | Sentiment: 136 symbols
2026-04-01 16:37:36,158 [raptor.signals] INFO: Signals: 1 from 136 syms (regime=NEUTRAL)
2026-04-01 16:37:36,158 [raptor.signals] INFO: Composite: mean=-0.0058 std=0.1912 max=0.4747
2026-04-01 16:37:36,159 [raptor.main] INFO: No signals today. Patience.
2026-04-01 16:38:36,164 [raptor.main] INFO: ============================================================
2026-04-01 16:38:36,165 [raptor.main] INFO: RAPTOR v5.2.0 DAILY SCAN — 2026-04-01T16:38:36.165305
2026-04-01 16:38:36,165 [raptor.main] INFO: ============================================================
2026-04-01 16:38:36,167 [raptor.data_feeds] INFO: DataManager initialized with all feeds
2026-04-01 16:38:37,023 [raptor.main] INFO: Account: equity=$103778.59  cash=$71708.38  positions=6
2026-04-01 16:38:37,025 [raptor.universe] INFO: Universe from cache: 136 symbols
2026-04-01 16:38:37,026 [raptor.main] INFO: Dynamic universe: 136 symbols
2026-04-01 16:38:40,364 [raptor.data_feeds] INFO: Fetched bars for 136 / 136 symbols
2026-04-01 16:38:40,401 [raptor.data_feeds] INFO: FRED regime: NEUTRAL (score=-0.100)
2026-04-01 16:38:43,105 [raptor.main] INFO: Data: 136 symbols | Macro: NEUTRAL (-0.100) | Sentiment: 136 symbols
2026-04-01 16:38:48,311 [raptor.signals] INFO: Signals: 1 from 136 syms (regime=NEUTRAL)
2026-04-01 16:38:48,312 [raptor.signals] INFO: Composite: mean=-0.0058 std=0.1912 max=0.4747
2026-04-01 16:38:48,313 [raptor.main] INFO: No signals today. Patience.
2026-04-01 16:39:48,320 [raptor.main] INFO: ============================================================
2026-04-01 16:39:48,320 [raptor.main] INFO: RAPTOR v5.2.0 DAILY SCAN — 2026-04-01T16:39:48.320955
2026-04-01 16:39:48,321 [raptor.main] INFO: ============================================================
2026-04-01 16:39:48,322 [raptor.data_feeds] INFO: DataManager initialized with all feeds
2026-04-01 16:39:49,308 [raptor.main] INFO: Account: equity=$103779.44  cash=$71708.38  positions=6
2026-04-01 16:39:49,311 [raptor.universe] INFO: Universe from cache: 136 symbols
2026-04-01 16:39:49,312 [raptor.main] INFO: Dynamic universe: 136 symbols
2026-04-01 16:39:52,552 [raptor.data_feeds] INFO: Fetched bars for 136 / 136 symbols
2026-04-01 16:39:52,588 [raptor.data_feeds] INFO: FRED regime: NEUTRAL (score=-0.100)
2026-04-01 16:39:54,860 [raptor.main] INFO: Data: 136 symbols | Macro: NEUTRAL (-0.100) | Sentiment: 136 symbols
2026-04-01 16:39:59,588 [raptor.signals] INFO: Signals: 1 from 136 syms (regime=NEUTRAL)
2026-04-01 16:39:59,589 [raptor.signals] INFO: Composite: mean=-0.0058 std=0.1912 max=0.4747
2026-04-01 16:39:59,590 [raptor.main] INFO: No signals today. Patience.
2026-04-01 16:40:59,598 [raptor.main] INFO: ============================================================
2026-04-01 16:40:59,599 [raptor.main] INFO: RAPTOR v5.2.0 DAILY SCAN — 2026-04-01T16:40:59.599404
2026-04-01 16:40:59,599 [raptor.main] INFO: ============================================================
2026-04-01 16:40:59,600 [raptor.data_feeds] INFO: DataManager initialized with all feeds
2026-04-01 16:41:00,460 [raptor.main] INFO: Account: equity=$103782.66  cash=$71708.38  positions=6
2026-04-01 16:41:00,463 [raptor.universe] INFO: Universe from cache: 136 symbols
2026-04-01 16:41:00,463 [raptor.main] INFO: Dynamic universe: 136 symbols
2026-04-01 16:41:04,636 [raptor.data_feeds] INFO: Fetched bars for 136 / 136 symbols
2026-04-01 16:41:04,674 [raptor.data_feeds] INFO: FRED regime: NEUTRAL (score=-0.100)
2026-04-01 16:41:07,076 [raptor.main] INFO: Data: 136 symbols | Macro: NEUTRAL (-0.100) | Sentiment: 136 symbols
2026-04-01 16:41:11,784 [raptor.signals] INFO: Signals: 1 from 136 syms (regime=NEUTRAL)
2026-04-01 16:41:11,784 [raptor.signals] INFO: Composite: mean=-0.0058 std=0.1912 max=0.4747
2026-04-01 16:41:11,785 [raptor.main] INFO: No signals today. Patience.
2026-04-01 16:42:11,794 [raptor.main] INFO: ============================================================
2026-04-01 16:42:11,794 [raptor.main] INFO: RAPTOR v5.2.0 DAILY SCAN — 2026-04-01T16:42:11.794505
2026-04-01 16:42:11,794 [raptor.main] INFO: ============================================================
2026-04-01 16:42:11,795 [raptor.data_feeds] INFO: DataManager initialized with all feeds
2026-04-01 16:42:12,778 [raptor.main] INFO: Account: equity=$103784.18  cash=$71708.38  positions=6
2026-04-01 16:42:12,781 [raptor.universe] INFO: Universe from cache: 136 symbols
2026-04-01 16:42:12,782 [raptor.main] INFO: Dynamic universe: 136 symbols
2026-04-01 16:42:16,300 [raptor.data_feeds] INFO: Fetched bars for 136 / 136 symbols
2026-04-01 16:42:16,335 [raptor.data_feeds] INFO: FRED regime: NEUTRAL (score=-0.100)
2026-04-01 16:42:18,666 [raptor.main] INFO: Data: 136 symbols | Macro: NEUTRAL (-0.100) | Sentiment: 136 symbols
2026-04-01 16:42:23,608 [raptor.signals] INFO: Signals: 1 from 136 syms (regime=NEUTRAL)
2026-04-01 16:42:23,609 [raptor.signals] INFO: Composite: mean=-0.0058 std=0.1912 max=0.4747
2026-04-01 16:42:23,610 [raptor.main] INFO: No signals today. Patience.
2026-04-01 16:43:23,617 [raptor.main] INFO: ============================================================
2026-04-01 16:43:23,618 [raptor.main] INFO: RAPTOR v5.2.0 DAILY SCAN — 2026-04-01T16:43:23.618307
2026-04-01 16:43:23,618 [raptor.main] INFO: ============================================================
2026-04-01 16:43:23,619 [raptor.data_feeds] INFO: DataManager initialized with all feeds
2026-04-01 16:43:24,666 [raptor.main] INFO: Account: equity=$103779.46  cash=$71708.38  positions=6
2026-04-01 16:43:24,667 [raptor.universe] INFO: Universe from cache: 136 symbols
2026-04-01 16:43:24,668 [raptor.main] INFO: Dynamic universe: 136 symbols
2026-04-01 16:43:28,550 [raptor.data_feeds] INFO: Fetched bars for 136 / 136 symbols
2026-04-01 16:43:28,594 [raptor.data_feeds] INFO: FRED regime: NEUTRAL (score=-0.100)
2026-04-01 16:43:31,000 [raptor.main] INFO: Data: 136 symbols | Macro: NEUTRAL (-0.100) | Sentiment: 136 symbols
2026-04-01 16:43:35,778 [raptor.signals] INFO: Signals: 1 from 136 syms (regime=NEUTRAL)
2026-04-01 16:43:35,778 [raptor.signals] INFO: Composite: mean=-0.0058 std=0.1912 max=0.4746
2026-04-01 16:43:35,779 [raptor.main] INFO: No signals today. Patience.
2026-04-01 16:44:35,788 [raptor.main] INFO: ============================================================
2026-04-01 16:44:35,788 [raptor.main] INFO: RAPTOR v5.2.0 DAILY SCAN — 2026-04-01T16:44:35.788919
2026-04-01 16:44:35,789 [raptor.main] INFO: ============================================================
2026-04-01 16:44:35,790 [raptor.data_feeds] INFO: DataManager initialized with all feeds
2026-04-01 16:44:36,265 [raptor.main] INFO: Account: equity=$103777.97  cash=$71708.38  positions=6
2026-04-01 16:44:36,267 [raptor.universe] INFO: Universe from cache: 136 symbols
2026-04-01 16:44:36,267 [raptor.main] INFO: Dynamic universe: 136 symbols
2026-04-01 16:44:38,970 [raptor.data_feeds] INFO: Fetched bars for 136 / 136 symbols
2026-04-01 16:44:38,997 [raptor.data_feeds] INFO: FRED regime: NEUTRAL (score=-0.100)
2026-04-01 16:44:40,418 [raptor.main] INFO: Data: 136 symbols | Macro: NEUTRAL (-0.100) | Sentiment: 136 symbols
2026-04-01 16:44:43,039 [raptor.signals] INFO: Signals: 1 from 136 syms (regime=NEUTRAL)
2026-04-01 16:44:43,040 [raptor.signals] INFO: Composite: mean=-0.0058 std=0.1912 max=0.4746
2026-04-01 16:44:43,041 [raptor.main] INFO: No signals today. Patience.
